date;country;grocery_pharmacy;parks;residential;retail_recreation;transit_stations;workplaces;weekday;monthday;week;month;quarter;year
2020-02-15;South Korea;0.0;2.5;3.0;-6.0;-5.0;1.0;5;15;7;2;1;2020
2020-02-15;Thailand;1.0;-8.0;1.0;-3.0;-2.0;7.0;5;15;7;2;1;2020
2020-02-16;South Korea;0.0;-32.0;4.0;-13.0;-15.5;-3.0;6;16;7;2;1;2020
2020-02-16;Thailand;2.0;-5.0;2.0;-3.0;-4.0;2.0;6;16;7;2;1;2020
2020-02-17;South Korea;-6.0;-17.0;5.0;-8.0;-6.5;0.0;0;17;8;2;1;2020
2020-02-17;Thailand;1.0;-3.0;1.0;-3.0;-4.0;2.0;0;17;8;2;1;2020
2020-02-18;South Korea;-2.5;-4.0;2.0;0.0;-2.0;2.0;1;18;8;2;1;2020
2020-02-18;Thailand;0.0;-5.0;2.0;-3.0;-6.0;0.0;1;18;8;2;1;2020
2020-02-19;South Korea;-1.0;11.5;2.0;-6.0;-4.5;1.5;2;19;8;2;1;2020
2020-02-19;Thailand;-3.0;-3.0;1.0;-4.0;-6.0;0.0;2;19;8;2;1;2020
2020-02-20;South Korea;-3.5;8.5;2.0;-7.0;-6.0;1.5;3;20;8;2;1;2020
2020-02-20;Thailand;-2.0;-3.0;1.0;-4.0;-4.0;1.0;3;20;8;2;1;2020
2020-02-21;South Korea;-4.5;-8.5;5.0;-14.5;-9.0;0.5;4;21;8;2;1;2020
2020-02-21;Thailand;1.0;-4.0;2.0;-4.0;-5.0;1.0;4;21;8;2;1;2020
2020-02-22;South Korea;-5.0;-30.0;8.5;-25.0;-21.5;-3.0;5;22;8;2;1;2020
2020-02-22;Thailand;0.0;-12.0;2.0;-4.0;-6.0;4.0;5;22;8;2;1;2020
2020-02-23;South Korea;-16.5;-3.0;7.5;-29.0;-23.5;-8.0;6;23;8;2;1;2020
2020-02-23;Thailand;0.0;-7.0;2.0;-5.0;-8.0;2.0;6;23;8;2;1;2020
2020-02-24;South Korea;8.5;9.5;7.5;-20.0;-14.0;-5.0;0;24;9;2;1;2020
2020-02-24;Thailand;-1.0;-6.0;2.0;-4.0;-7.0;0.0;0;24;9;2;1;2020
2020-02-25;South Korea;-9.0;-31.0;9.5;-29.0;-22.5;-9.0;1;25;9;2;1;2020
2020-02-25;Thailand;3.0;-6.0;2.0;-2.0;-7.0;-2.0;1;25;9;2;1;2020
2020-02-26;South Korea;-5.5;8.5;9.0;-27.5;-21.0;-9.5;2;26;9;2;1;2020
2020-02-26;Thailand;0.0;-6.0;2.0;-3.0;-8.0;-1.0;2;26;9;2;1;2020
2020-02-27;South Korea;-7.5;8.5;9.0;-28.5;-22.5;-9.5;3;27;9;2;1;2020
2020-02-27;Thailand;-1.0;-7.0;2.0;-4.0;-8.0;-1.0;3;27;9;2;1;2020
2020-02-28;South Korea;-16.0;-36.0;13.0;-36.0;-28.5;-11.5;4;28;9;2;1;2020
2020-02-28;Thailand;5.0;-7.0;2.0;-1.0;-6.0;-1.0;4;28;9;2;1;2020
2020-02-29;South Korea;-7.0;-1.0;11.5;-36.5;-29.5;-9.0;5;29;9;2;1;2020
2020-02-29;Thailand;6.0;-14.0;1.0;-1.0;-7.0;5.0;5;29;9;2;1;2020
2020-03-01;South Korea;-5.5;-14.0;11.0;-40.5;-35.5;-15.5;6;1;9;3;1;2020
2020-03-01;Thailand;9.0;-9.0;1.0;-1.0;-8.0;3.0;6;1;9;3;1;2020
2020-03-02;South Korea;1.0;14.5;9.0;-22.5;-19.5;-8.0;0;2;10;3;1;2020
2020-03-02;Thailand;8.0;-7.0;2.0;1.0;-9.0;-2.0;0;2;10;3;1;2020
2020-03-03;South Korea;-5.0;6.0;8.0;-21.5;-19.0;-8.5;1;3;10;3;1;2020
2020-03-03;Thailand;5.0;-8.0;3.0;0.0;-10.0;-4.0;1;3;10;3;1;2020
2020-03-04;South Korea;-9.5;-9.5;10.0;-29.5;-25.0;-10.0;2;4;10;3;1;2020
2020-03-04;Thailand;2.0;-9.0;3.0;-1.0;-11.0;-4.0;2;4;10;3;1;2020
2020-03-05;South Korea;-10.0;2.0;9.0;-27.5;-24.0;-8.5;3;5;10;3;1;2020
2020-03-05;Thailand;2.0;-8.0;3.0;-3.0;-9.0;-4.0;3;5;10;3;1;2020
2020-03-06;South Korea;-7.0;6.0;10.0;-26.0;-21.0;-8.5;4;6;10;3;1;2020
2020-03-06;Thailand;2.0;-9.0;4.0;-5.0;-11.0;-6.0;4;6;10;3;1;2020
2020-03-07;South Korea;-4.5;-3.0;10.5;-31.0;-26.5;-7.5;5;7;10;3;1;2020
2020-03-07;Thailand;1.0;-16.0;3.0;-6.0;-13.0;2.0;5;7;10;3;1;2020
2020-03-08;South Korea;-13.5;44.0;8.5;-27.5;-23.5;-14.0;6;8;10;3;1;2020
2020-03-08;Thailand;1.0;-11.0;2.0;-7.0;-15.0;1.0;6;8;10;3;1;2020
2020-03-09;South Korea;3.0;24.0;8.0;-18.0;-16.0;-5.5;0;9;11;3;1;2020
2020-03-09;Thailand;1.0;-8.0;4.0;-4.0;-13.0;-6.0;0;9;11;3;1;2020
2020-03-10;South Korea;-11.0;-30.0;9.0;-25.5;-22.5;-8.5;1;10;11;3;1;2020
2020-03-10;Thailand;1.0;-8.0;4.0;-3.0;-13.0;-7.0;1;10;11;3;1;2020
2020-03-11;South Korea;-3.0;23.0;8.0;-22.5;-18.0;-7.5;2;11;11;3;1;2020
2020-03-11;Thailand;0.0;-8.0;4.0;-4.0;-15.0;-7.0;2;11;11;3;1;2020
2020-03-12;South Korea;-4.0;21.0;8.0;-23.5;-20.0;-7.0;3;12;11;3;1;2020
2020-03-12;Thailand;-1.0;-9.0;4.0;-6.0;-15.0;-7.0;3;12;11;3;1;2020
2020-03-13;South Korea;-4.0;5.5;9.5;-24.0;-19.5;-7.0;4;13;11;3;1;2020
2020-03-13;Thailand;0.0;-12.0;5.0;-8.0;-17.0;-7.0;4;13;11;3;1;2020
2020-03-14;South Korea;1.5;9.0;9.0;-25.5;-21.0;-5.5;5;14;11;3;1;2020
2020-03-14;Thailand;-1.0;-21.0;3.0;-11.0;-20.0;3.0;5;14;11;3;1;2020
2020-03-15;South Korea;1.5;1.0;9.0;-29.0;-29.0;-12.5;6;15;11;3;1;2020
2020-03-15;Thailand;-1.0;-22.0;4.0;-15.0;-23.0;-2.0;6;15;11;3;1;2020
2020-03-16;South Korea;1.5;24.5;8.0;-18.0;-16.5;-6.0;0;16;12;3;1;2020
2020-03-16;Thailand;4.0;-14.0;5.0;-8.0;-18.0;-10.0;0;16;12;3;1;2020
2020-03-17;South Korea;-4.0;14.0;6.5;-18.5;-16.0;-6.0;1;17;12;3;1;2020
2020-03-17;Thailand;1.0;-15.0;6.0;-9.0;-21.0;-12.0;1;17;12;3;1;2020
2020-03-18;South Korea;-0.5;47.5;7.5;-20.0;-16.0;-6.5;2;18;12;3;1;2020
2020-03-18;Thailand;-3.0;-16.0;7.0;-12.0;-24.0;-13.0;2;18;12;3;1;2020
2020-03-19;South Korea;-13.0;-17.0;9.5;-28.5;-25.0;-7.0;3;19;12;3;1;2020
2020-03-19;Thailand;-6.0;-18.0;8.0;-16.0;-26.0;-14.0;3;19;12;3;1;2020
2020-03-20;South Korea;-1.0;24.0;8.5;-20.5;-16.5;-6.0;4;20;12;3;1;2020
2020-03-20;Thailand;-5.0;-24.0;9.0;-20.0;-30.0;-15.0;4;20;12;3;1;2020
2020-03-21;South Korea;4.5;38.0;7.5;-22.5;-17.5;-5.0;5;21;12;3;1;2020
2020-03-21;Thailand;-4.0;-35.0;8.0;-24.0;-33.0;-4.0;5;21;12;3;1;2020
2020-03-22;South Korea;-8.0;68.0;7.0;-21.5;-17.5;-12.5;6;22;12;3;1;2020
2020-03-22;Thailand;-10.0;-35.0;9.0;-36.0;-41.0;-10.0;6;22;12;3;1;2020
2020-03-23;South Korea;7.0;53.0;7.0;-16.0;-13.5;-5.5;0;23;13;3;1;2020
2020-03-23;Thailand;-11.0;-29.0;11.0;-32.0;-39.0;-20.0;0;23;13;3;1;2020
2020-03-24;South Korea;1.5;48.5;5.5;-15.0;-12.0;-6.0;1;24;13;3;1;2020
2020-03-24;Thailand;-8.0;-32.0;12.0;-34.0;-42.0;-23.0;1;24;13;3;1;2020
2020-03-25;South Korea;0.5;61.5;7.0;-19.0;-14.0;-7.5;2;25;13;3;1;2020
2020-03-25;Thailand;-8.0;-34.0;12.0;-35.0;-42.0;-24.0;2;25;13;3;1;2020
2020-03-26;South Korea;-6.0;15.0;8.0;-24.5;-20.0;-7.0;3;26;13;3;1;2020
2020-03-26;Thailand;-18.0;-40.0;15.0;-43.0;-50.0;-26.0;3;26;13;3;1;2020
2020-03-27;South Korea;-2.0;19.0;9.5;-22.0;-18.5;-7.5;4;27;13;3;1;2020
2020-03-27;Thailand;-19.0;-44.0;17.0;-46.0;-54.0;-26.0;4;27;13;3;1;2020
2020-03-28;South Korea;3.0;29.0;8.0;-23.5;-18.5;-7.0;5;28;13;3;1;2020
2020-03-28;Thailand;-25.0;-55.0;16.0;-51.0;-57.0;-14.0;5;28;13;3;1;2020
2020-03-29;South Korea;11.5;68.5;6.0;-20.5;-17.5;-12.0;6;29;13;3;1;2020
2020-03-29;Thailand;-27.0;-54.0;16.0;-55.0;-61.0;-21.0;6;29;13;3;1;2020
2020-03-30;South Korea;5.0;64.5;7.0;-14.5;-12.5;-6.0;0;30;14;3;1;2020
2020-03-30;Thailand;-19.0;-42.0;16.0;-44.0;-53.0;-27.0;0;30;14;3;1;2020
2020-03-31;South Korea;3.0;61.5;5.5;-10.0;-9.0;-5.0;1;31;14;3;1;2020
2020-03-31;Thailand;-14.0;-42.0;15.0;-42.0;-53.0;-28.0;1;31;14;3;1;2020
2020-04-01;South Korea;0.5;48.0;7.5;-18.5;-15.0;-7.5;2;1;14;4;2;2020
2020-04-01;Thailand;-16.0;-41.0;16.0;-43.0;-55.0;-30.0;2;1;14;4;2;2020
2020-04-02;South Korea;-1.5;51.5;7.0;-19.0;-15.0;-6.5;3;2;14;4;2;2020
2020-04-02;Thailand;-18.0;-44.0;17.0;-45.0;-57.0;-30.0;3;2;14;4;2;2020
2020-04-03;South Korea;1.0;45.5;7.5;-18.5;-13.0;-6.5;4;3;14;4;2;2020
2020-04-03;Thailand;-19.0;-48.0;19.0;-48.0;-60.0;-30.0;4;3;14;4;2;2020
2020-04-04;South Korea;5.0;34.0;7.0;-21.0;-16.0;-8.5;5;4;14;4;2;2020
2020-04-04;Thailand;-21.0;-58.0;17.0;-51.0;-62.0;-19.0;5;4;14;4;2;2020
2020-04-05;South Korea;14.0;58.5;6.0;-19.0;-15.5;-13.5;6;5;14;4;2;2020
2020-04-05;Thailand;-23.0;-57.0;17.0;-54.0;-66.0;-25.0;6;5;14;4;2;2020
2020-04-06;South Korea;6.5;55.5;6.5;-13.0;-10.0;-3.5;0;6;15;4;2;2020
2020-04-06;Thailand;-17.0;-49.0;23.0;-47.0;-67.0;-49.0;0;6;15;4;2;2020
2020-04-07;South Korea;3.0;48.0;5.0;-11.5;-9.0;-4.0;1;7;15;4;2;2020
2020-04-07;Thailand;-17.0;-45.0;17.0;-45.0;-58.0;-32.0;1;7;15;4;2;2020
2020-04-08;South Korea;0.0;50.0;6.5;-17.5;-13.5;-5.5;2;8;15;4;2;2020
2020-04-08;Thailand;-21.0;-45.0;18.0;-46.0;-60.0;-32.0;2;8;15;4;2;2020
2020-04-09;South Korea;-1.5;39.5;6.5;-18.5;-14.5;-4.5;3;9;15;4;2;2020
2020-04-09;Thailand;-21.0;-45.0;18.0;-47.0;-60.0;-32.0;3;9;15;4;2;2020
2020-04-10;South Korea;3.0;33.5;7.0;-16.5;-11.5;-5.5;4;10;15;4;2;2020
2020-04-10;Thailand;-18.0;-48.0;20.0;-48.0;-61.0;-32.0;4;10;15;4;2;2020
2020-04-11;South Korea;11.0;33.0;6.0;-17.0;-11.5;-7.0;5;11;15;4;2;2020
2020-04-11;Thailand;-21.0;-57.0;17.0;-51.0;-63.0;-22.0;5;11;15;4;2;2020
2020-04-12;South Korea;-9.0;28.0;6.5;-20.5;-18.5;-13.0;6;12;15;4;2;2020
2020-04-12;Thailand;-22.0;-56.0;17.0;-54.0;-66.0;-24.0;6;12;15;4;2;2020
2020-04-13;South Korea;11.0;57.5;6.0;-10.0;-9.0;-3.5;0;13;16;4;2;2020
2020-04-13;Thailand;-22.0;-47.0;20.0;-49.0;-62.0;-35.0;0;13;16;4;2;2020
2020-04-14;South Korea;10.5;59.0;2.5;-2.5;-3.0;-3.5;1;14;16;4;2;2020
2020-04-14;Thailand;-17.0;-45.0;19.0;-46.0;-61.0;-36.0;1;14;16;4;2;2020
2020-04-15;South Korea;24.5;122.0;18.5;-5.0;-18.5;-52.5;2;15;16;4;2;2020
2020-04-15;Thailand;-17.0;-44.0;19.0;-46.0;-60.0;-35.0;2;15;16;4;2;2020
2020-04-16;South Korea;-1.5;44.0;6.0;-18.0;-13.0;-4.0;3;16;16;4;2;2020
2020-04-16;Thailand;-19.0;-44.0;19.0;-46.0;-60.0;-33.0;3;16;16;4;2;2020
2020-04-17;South Korea;-6.5;-12.0;9.5;-23.0;-18.5;-6.0;4;17;16;4;2;2020
2020-04-17;Thailand;-19.0;-48.0;21.0;-49.0;-62.0;-33.0;4;17;16;4;2;2020
2020-04-18;South Korea;9.0;59.0;5.5;-13.5;-9.0;-4.0;5;18;16;4;2;2020
2020-04-18;Thailand;-21.0;-57.0;17.0;-51.0;-61.0;-20.0;5;18;16;4;2;2020
2020-04-19;South Korea;2.0;-11.0;7.0;-24.5;-23.5;-12.0;6;19;16;4;2;2020
2020-04-19;Thailand;-23.0;-55.0;16.0;-53.0;-63.0;-22.0;6;19;16;4;2;2020
2020-04-20;South Korea;5.0;19.0;6.5;-13.5;-11.5;-2.5;0;20;17;4;2;2020
2020-04-20;Thailand;-16.0;-44.0;17.0;-43.0;-57.0;-29.0;0;20;17;4;2;2020
2020-04-21;South Korea;-0.5;8.5;4.5;-12.0;-10.0;-2.0;1;21;17;4;2;2020
2020-04-21;Thailand;-17.0;-45.0;17.0;-44.0;-58.0;-30.0;1;21;17;4;2;2020
2020-04-22;South Korea;-4.0;3.5;6.5;-18.5;-15.5;-4.0;2;22;17;4;2;2020
2020-04-22;Thailand;-20.0;-45.0;17.0;-45.0;-59.0;-30.0;2;22;17;4;2;2020
2020-04-23;South Korea;-1.0;16.0;5.5;-16.0;-13.5;-2.0;3;23;17;4;2;2020
2020-04-23;Thailand;-21.0;-45.0;17.0;-46.0;-59.0;-30.0;3;23;17;4;2;2020
2020-04-24;South Korea;2.5;17.5;6.0;-14.0;-10.0;-2.0;4;24;17;4;2;2020
2020-04-24;Thailand;-17.0;-48.0;19.0;-46.0;-60.0;-29.0;4;24;17;4;2;2020
2020-04-25;South Korea;10.0;30.5;5.0;-13.0;-9.0;-3.5;5;25;17;4;2;2020
2020-04-25;Thailand;-22.0;-57.0;17.0;-50.0;-61.0;-19.0;5;25;17;4;2;2020
2020-04-26;South Korea;1.0;73.5;3.5;-7.0;-5.5;-8.0;6;26;17;4;2;2020
2020-04-26;Thailand;-19.0;-54.0;15.0;-50.0;-62.0;-22.0;6;26;17;4;2;2020
2020-04-27;South Korea;12.0;47.0;4.5;-6.5;-6.5;-1.0;0;27;18;4;2;2020
2020-04-27;Thailand;-15.0;-45.0;17.0;-42.0;-57.0;-28.0;0;27;18;4;2;2020
2020-04-28;South Korea;9.0;50.0;2.0;-3.5;-2.0;-1.0;1;28;18;4;2;2020
2020-04-28;Thailand;-12.0;-43.0;15.0;-41.0;-56.0;-29.0;1;28;18;4;2;2020
2020-04-29;South Korea;17.5;64.0;0.0;-2.0;1.0;-3.0;2;29;18;4;2;2020
2020-04-29;Thailand;-15.0;-43.0;15.0;-42.0;-55.0;-29.0;2;29;18;4;2;2020
2020-04-30;South Korea;26.5;149.0;12.0;2.5;-11.5;-56.0;3;30;18;4;2;2020
2020-04-30;Thailand;-2.0;-39.0;14.0;-44.0;-47.0;-28.0;3;30;18;4;2;2020
2020-05-01;South Korea;17.5;106.0;14.0;-5.5;-16.0;-48.0;4;1;18;5;2;2020
2020-05-01;Thailand;3.0;-42.0;23.0;-46.0;-56.0;-54.0;4;1;18;5;2;2020
2020-05-02;South Korea;6.0;56.5;2.0;-13.5;-7.5;-15.0;5;2;18;5;2;2020
2020-05-02;Thailand;-5.0;-50.0;15.0;-48.0;-50.0;-23.0;5;2;18;5;2;2020
2020-05-03;South Korea;19.5;56.5;0.5;-6.0;-3.5;-8.5;6;3;18;5;2;2020
2020-05-03;Thailand;-3.0;-46.0;13.0;-46.0;-50.0;-17.0;6;3;18;5;2;2020
2020-05-04;South Korea;30.0;92.5;5.5;13.0;-2.0;-19.0;0;4;19;5;2;2020
2020-05-04;Thailand;-6.0;-39.0;19.0;-42.0;-56.0;-44.0;0;4;19;5;2;2020
2020-05-05;South Korea;25.0;117.0;15.5;14.0;-16.5;-58.5;1;5;19;5;2;2020
2020-05-05;Thailand;2.0;-35.0;13.0;-38.0;-43.0;-28.0;1;5;19;5;2;2020
2020-05-06;South Korea;9.5;53.5;3.0;-10.0;-4.5;-0.5;2;6;19;5;2;2020
2020-05-06;Thailand;-1.0;-34.0;21.0;-38.0;-54.0;-50.0;2;6;19;5;2;2020
2020-05-07;South Korea;7.5;47.5;2.5;-7.0;-3.5;-1.0;3;7;19;5;2;2020
2020-05-07;Thailand;-3.0;-34.0;14.0;-38.0;-45.0;-25.0;3;7;19;5;2;2020
2020-05-08;South Korea;7.5;27.5;3.0;-6.0;-1.0;-1.0;4;8;19;5;2;2020
2020-05-08;Thailand;-1.0;-37.0;16.0;-40.0;-47.0;-25.0;4;8;19;5;2;2020
2020-05-09;South Korea;-2.0;-35.0;7.0;-19.0;-19.0;-7.0;5;9;19;5;2;2020
2020-05-09;Thailand;-4.0;-46.0;13.0;-41.0;-47.0;-12.0;5;9;19;5;2;2020
2020-05-10;South Korea;0.5;41.0;3.0;-7.5;-5.0;-5.5;6;10;19;5;2;2020
2020-05-10;Thailand;-4.0;-41.0;12.0;-41.0;-49.0;-14.0;6;10;19;5;2;2020
2020-05-11;South Korea;14.5;48.0;3.5;-4.0;-3.0;-0.5;0;11;20;5;2;2020
2020-05-11;Thailand;-7.0;-39.0;17.0;-40.0;-50.0;-34.0;0;11;20;5;2;2020
2020-05-12;South Korea;8.5;41.0;2.5;-3.5;-2.0;-1.0;1;12;20;5;2;2020
2020-05-12;Thailand;2.0;-32.0;13.0;-34.0;-42.0;-24.0;1;12;20;5;2;2020
2020-05-13;South Korea;8.0;61.0;3.5;-8.0;-5.0;-2.0;2;13;20;5;2;2020
2020-05-13;Thailand;-2.0;-32.0;13.0;-36.0;-43.0;-24.0;2;13;20;5;2;2020
2020-05-14;South Korea;7.5;51.0;3.0;-9.0;-6.5;-2.0;3;14;20;5;2;2020
2020-05-14;Thailand;-3.0;-33.0;13.0;-36.0;-44.0;-24.0;3;14;20;5;2;2020
2020-05-15;South Korea;-3.0;-19.5;6.5;-18.0;-14.5;-5.0;4;15;20;5;2;2020
2020-05-15;Thailand;1.0;-34.0;13.0;-36.0;-45.0;-24.0;4;15;20;5;2;2020
2020-05-16;South Korea;12.5;31.5;4.5;-10.0;-8.0;-4.0;5;16;20;5;2;2020
2020-05-16;Thailand;-2.0;-43.0;12.0;-37.0;-46.0;-12.0;5;16;20;5;2;2020
2020-05-17;South Korea;26.5;69.0;2.5;-2.5;-3.0;-4.0;6;17;20;5;2;2020
2020-05-17;Thailand;0.0;-39.0;10.0;-32.0;-42.0;-10.0;6;17;20;5;2;2020
2020-05-18;South Korea;2.5;11.5;5.5;-11.5;-10.0;-2.5;0;18;21;5;2;2020
2020-05-18;Thailand;0.0;-33.0;12.0;-29.0;-40.0;-22.0;0;18;21;5;2;2020
2020-05-19;South Korea;8.0;20.5;4.0;-5.0;-6.5;-2.5;1;19;21;5;2;2020
2020-05-19;Thailand;0.0;-31.0;12.0;-29.0;-40.0;-23.0;1;19;21;5;2;2020
2020-05-20;South Korea;12.5;63.0;2.5;-5.5;-3.5;-3.0;2;20;21;5;2;2020
2020-05-20;Thailand;1.0;-29.0;12.0;-28.0;-39.0;-23.0;2;20;21;5;2;2020
2020-05-21;South Korea;7.5;54.5;2.5;-6.0;-5.0;-2.5;3;21;21;5;2;2020
2020-05-21;Thailand;0.0;-30.0;13.0;-28.0;-39.0;-23.0;3;21;21;5;2;2020
2020-05-22;South Korea;7.5;41.5;3.5;-8.0;-4.5;-2.5;4;22;21;5;2;2020
2020-05-22;Thailand;1.0;-32.0;14.0;-30.0;-41.0;-22.0;4;22;21;5;2;2020
2020-05-23;South Korea;14.0;63.5;2.0;-5.5;-2.0;-2.0;5;23;21;5;2;2020
2020-05-23;Thailand;-2.0;-42.0;11.0;-32.0;-41.0;-10.0;5;23;21;5;2;2020
2020-05-24;South Korea;3.5;48.5;3.5;-5.0;-6.5;-6.0;6;24;21;5;2;2020
2020-05-24;Thailand;-3.0;-37.0;10.0;-32.0;-42.0;-11.0;6;24;21;5;2;2020
2020-05-25;South Korea;18.5;63.0;3.0;-0.5;-2.0;-1.5;0;25;22;5;2;2020
2020-05-25;Thailand;1.0;-31.0;12.0;-27.0;-39.0;-23.0;0;25;22;5;2;2020
2020-05-26;South Korea;8.0;32.5;2.0;-2.5;-3.0;-1.0;1;26;22;5;2;2020
2020-05-26;Thailand;-1.0;-31.0;12.0;-28.0;-39.0;-22.0;1;26;22;5;2;2020
2020-05-27;South Korea;11.0;68.5;1.5;-4.5;-2.5;-2.0;2;27;22;5;2;2020
2020-05-27;Thailand;1.0;-28.0;12.0;-26.0;-37.0;-22.0;2;27;22;5;2;2020
2020-05-28;South Korea;7.5;52.0;2.5;-8.0;-5.5;-1.0;3;28;22;5;2;2020
2020-05-28;Thailand;-1.0;-31.0;12.0;-28.0;-38.0;-21.0;3;28;22;5;2;2020
2020-05-29;South Korea;9.0;48.0;3.0;-8.0;-3.5;-1.5;4;29;22;5;2;2020
2020-05-29;Thailand;5.0;-31.0;13.0;-27.0;-38.0;-21.0;4;29;22;5;2;2020
2020-05-30;South Korea;11.0;52.0;2.5;-9.0;-5.0;-3.0;5;30;22;5;2;2020
2020-05-30;Thailand;4.0;-38.0;10.0;-25.0;-34.0;-8.0;5;30;22;5;2;2020
2020-05-31;South Korea;22.0;51.0;2.5;-5.5;-5.5;-4.5;6;31;22;5;2;2020
2020-05-31;Thailand;5.0;-32.0;8.0;-24.0;-34.0;-7.0;6;31;22;5;2;2020
2020-06-01;South Korea;17.5;63.0;2.5;-2.0;-2.0;-0.5;0;1;23;6;2;2020
2020-06-01;Thailand;7.0;-26.0;10.0;-21.0;-31.0;-19.0;0;1;23;6;2;2020
2020-06-02;South Korea;7.0;29.0;2.0;-7.0;-4.0;-0.5;1;2;23;6;2;2020
2020-06-02;Thailand;4.0;-27.0;10.0;-22.0;-32.0;-21.0;1;2;23;6;2;2020
2020-06-03;South Korea;11.0;57.0;2.5;-7.5;-4.0;-1.5;2;3;23;6;2;2020
2020-06-03;Thailand;7.0;-20.0;18.0;-16.0;-40.0;-51.0;2;3;23;6;2;2020
2020-06-04;South Korea;6.0;41.0;2.5;-9.5;-6.0;-1.0;3;4;23;6;2;2020
2020-06-04;Thailand;2.0;-26.0;11.0;-24.0;-32.0;-20.0;3;4;23;6;2;2020
2020-06-05;South Korea;10.0;45.0;2.5;-7.5;-2.5;-2.5;4;5;23;6;2;2020
2020-06-05;Thailand;4.0;-28.0;12.0;-23.0;-37.0;-20.0;4;5;23;6;2;2020
2020-06-06;South Korea;11.5;51.0;3.5;-10.0;-8.5;-16.0;5;6;23;6;2;2020
2020-06-06;Thailand;1.0;-35.0;9.0;-22.0;-36.0;-7.0;5;6;23;6;2;2020
2020-06-07;South Korea;23.5;52.0;1.5;-5.0;-5.5;-5.5;6;7;23;6;2;2020
2020-06-07;Thailand;3.0;-27.0;7.0;-20.0;-36.0;-7.0;6;7;23;6;2;2020
2020-06-08;South Korea;15.5;54.5;2.0;-3.0;-2.5;0.0;0;8;24;6;2;2020
2020-06-08;Thailand;3.0;-24.0;10.0;-19.0;-34.0;-18.0;0;8;24;6;2;2020
2020-06-09;South Korea;9.5;42.0;1.0;-2.0;-1.5;0.0;1;9;24;6;2;2020
2020-06-09;Thailand;1.0;-25.0;10.0;-20.0;-35.0;-20.0;1;9;24;6;2;2020
2020-06-10;South Korea;2.0;21.5;3.0;-11.0;-6.5;-1.5;2;10;24;6;2;2020
2020-06-10;Thailand;3.0;-22.0;10.0;-18.0;-33.0;-19.0;2;10;24;6;2;2020
2020-06-11;South Korea;8.0;38.0;2.5;-7.0;-7.0;-0.5;3;11;24;6;2;2020
2020-06-11;Thailand;2.0;-22.0;10.0;-18.0;-35.0;-19.0;3;11;24;6;2;2020
2020-06-12;South Korea;7.5;37.0;3.0;-8.0;-5.0;-2.0;4;12;24;6;2;2020
2020-06-12;Thailand;4.0;-23.0;11.0;-19.0;-35.0;-20.0;4;12;24;6;2;2020
2020-06-13;South Korea;10.0;22.0;4.0;-8.0;-10.0;-5.5;5;13;24;6;2;2020
2020-06-13;Thailand;3.0;-30.0;8.0;-18.0;-33.0;-7.0;5;13;24;6;2;2020
2020-06-14;South Korea;0.0;40.5;3.0;-5.5;-9.0;-7.0;6;14;24;6;2;2020
2020-06-14;Thailand;2.0;-25.0;7.0;-18.0;-36.0;-6.0;6;14;24;6;2;2020
2020-06-15;South Korea;18.5;62.0;1.5;0.0;-2.0;1.0;0;15;25;6;2;2020
2020-06-15;Thailand;4.0;-24.0;9.0;-16.0;-33.0;-19.0;0;15;25;6;2;2020
2020-06-16;South Korea;10.5;49.0;0.5;-0.5;-0.5;1.0;1;16;25;6;2;2020
2020-06-16;Thailand;2.0;-24.0;10.0;-18.0;-33.0;-20.0;1;16;25;6;2;2020
2020-06-17;South Korea;10.0;54.5;2.0;-6.5;-4.0;-0.5;2;17;25;6;2;2020
2020-06-17;Thailand;-2.0;-26.0;10.0;-19.0;-33.0;-21.0;2;17;25;6;2;2020
2020-06-18;South Korea;3.0;37.0;2.0;-9.0;-8.0;-0.5;3;18;25;6;2;2020
2020-06-18;Thailand;3.0;-22.0;9.0;-13.0;-33.0;-20.0;3;18;25;6;2;2020
2020-06-19;South Korea;8.0;43.5;2.0;-7.0;-4.0;-1.5;4;19;25;6;2;2020
2020-06-19;Thailand;3.0;-23.0;10.0;-15.0;-34.0;-20.0;4;19;25;6;2;2020
2020-06-20;South Korea;8.5;46.0;1.5;-8.0;-6.0;-5.5;5;20;25;6;2;2020
2020-06-20;Thailand;4.0;-27.0;6.0;-12.0;-31.0;-6.0;5;20;25;6;2;2020
2020-06-21;South Korea;19.0;45.0;1.0;-5.5;-6.5;-6.0;6;21;25;6;2;2020
2020-06-21;Thailand;3.0;-21.0;6.0;-13.0;-34.0;-6.0;6;21;25;6;2;2020
2020-06-22;South Korea;13.0;50.5;2.0;-3.0;-3.5;-1.0;0;22;26;6;2;2020
2020-06-22;Thailand;2.0;-22.0;8.0;-12.0;-33.0;-20.0;0;22;26;6;2;2020
2020-06-23;South Korea;10.0;46.0;0.0;-1.0;-0.5;0.0;1;23;26;6;2;2020
2020-06-23;Thailand;5.0;-19.0;8.0;-11.0;-31.0;-20.0;1;23;26;6;2;2020
2020-06-24;South Korea;-6.5;-7.5;4.0;-17.5;-13.0;-2.0;2;24;26;6;2;2020
2020-06-24;Thailand;3.0;-18.0;8.0;-11.0;-30.0;-19.0;2;24;26;6;2;2020
2020-06-25;South Korea;2.5;9.0;3.5;-10.5;-10.0;-0.5;3;25;26;6;2;2020
2020-06-25;Thailand;4.0;-19.0;8.0;-10.0;-29.0;-20.0;3;25;26;6;2;2020
2020-06-26;South Korea;8.5;41.0;2.0;-5.5;-3.5;-1.0;4;26;26;6;2;2020
2020-06-26;Thailand;5.0;-21.0;9.0;-11.0;-31.0;-21.0;4;26;26;6;2;2020
2020-06-27;South Korea;10.0;45.0;1.5;-5.5;-5.0;-6.0;5;27;26;6;2;2020
2020-06-27;Thailand;5.0;-24.0;6.0;-9.0;-28.0;-10.0;5;27;26;6;2;2020
2020-06-28;South Korea;-1.5;48.0;1.0;-3.0;-5.5;-7.5;6;28;26;6;2;2020
2020-06-28;Thailand;6.0;-18.0;4.0;-9.0;-29.0;-6.0;6;28;26;6;2;2020
2020-06-29;South Korea;10.0;25.5;2.5;-5.5;-5.0;0.0;0;29;27;6;2;2020
2020-06-29;Thailand;7.0;-19.0;7.0;-7.0;-28.0;-19.0;0;29;27;6;2;2020
2020-06-30;South Korea;6.0;9.5;2.5;-3.5;-6.0;0.0;1;30;27;6;2;2020
2020-06-30;Thailand;17.0;-16.0;6.0;1.0;-25.0;-19.0;1;30;27;6;2;2020
2020-07-01;South Korea;10.5;58.0;2.0;-6.0;-4.5;-0.5;2;1;27;7;3;2020
2020-07-01;Thailand;9.0;-17.0;5.0;-4.0;-23.0;-18.0;2;1;27;7;3;2020
2020-07-02;South Korea;5.5;47.0;1.5;-6.5;-6.5;0.0;3;2;27;7;3;2020
2020-07-02;Thailand;9.0;-17.0;5.0;-5.0;-23.0;-18.0;3;2;27;7;3;2020
2020-07-03;South Korea;5.5;33.5;2.5;-8.0;-5.0;-1.5;4;3;27;7;3;2020
2020-07-03;Thailand;6.0;-17.0;5.0;-9.0;-23.0;-19.0;4;3;27;7;3;2020
2020-07-04;South Korea;9.5;49.0;2.0;-7.5;-7.0;-6.5;5;4;27;7;3;2020
2020-07-04;Thailand;12.0;-15.0;4.0;-5.0;-23.0;-14.0;5;4;27;7;3;2020
2020-07-05;South Korea;20.5;54.5;1.0;-4.5;-6.5;-7.0;6;5;27;7;3;2020
2020-07-05;Thailand;14.0;13.0;2.0;1.0;-26.0;-13.0;6;5;27;7;3;2020
2020-07-06;South Korea;12.0;56.0;2.0;-2.5;-3.5;-1.0;0;6;28;7;3;2020
2020-07-06;Thailand;11.0;20.0;11.0;5.0;-38.0;-53.0;0;6;28;7;3;2020
2020-07-07;South Korea;9.0;51.0;0.5;0.0;-1.0;0.0;1;7;28;7;3;2020
2020-07-07;Thailand;7.0;-10.0;9.0;-2.0;-31.0;-36.0;1;7;28;7;3;2020
2020-07-08;South Korea;5.0;55.5;1.5;-6.0;-5.5;-0.5;2;8;28;7;3;2020
2020-07-08;Thailand;5.0;-13.0;4.0;-5.0;-23.0;-17.0;2;8;28;7;3;2020
2020-07-09;South Korea;3.5;38.5;1.5;-7.0;-7.0;-0.5;3;9;28;7;3;2020
2020-07-09;Thailand;3.0;-15.0;5.0;-8.0;-26.0;-17.0;3;9;28;7;3;2020
2020-07-10;South Korea;4.5;30.0;3.5;-9.5;-7.0;-1.5;4;10;28;7;3;2020
2020-07-10;Thailand;4.0;-16.0;6.0;-9.0;-27.0;-17.0;4;10;28;7;3;2020
2020-07-11;South Korea;10.5;47.5;2.0;-6.5;-7.0;-6.5;5;11;28;7;3;2020
2020-07-11;Thailand;2.0;-23.0;6.0;-8.0;-29.0;-5.0;5;11;28;7;3;2020
2020-07-12;South Korea;-8.0;20.5;3.0;-10.5;-12.0;-10.0;6;12;28;7;3;2020
2020-07-12;Thailand;3.0;-18.0;5.0;-7.0;-30.0;-5.0;6;12;28;7;3;2020
2020-07-13;South Korea;-0.5;-15.5;5.5;-15.0;-14.0;-3.5;0;13;29;7;3;2020
2020-07-13;Thailand;2.0;-19.0;5.0;-9.0;-27.0;-15.0;0;13;29;7;3;2020
2020-07-14;South Korea;9.5;40.5;1.5;-1.0;-3.5;-0.5;1;14;29;7;3;2020
2020-07-14;Thailand;2.0;-16.0;5.0;-9.0;-28.0;-17.0;1;14;29;7;3;2020
2020-07-15;South Korea;12.5;61.0;1.5;-3.0;-5.0;-0.5;2;15;29;7;3;2020
2020-07-15;Thailand;1.0;-11.0;5.0;-7.0;-29.0;-14.0;2;15;29;7;3;2020
2020-07-16;South Korea;8.0;50.0;0.5;-4.0;-6.5;0.0;3;16;29;7;3;2020
2020-07-16;Thailand;-2.0;-14.0;6.0;-10.0;-29.0;-14.0;3;16;29;7;3;2020
2020-07-17;South Korea;5.5;43.0;2.0;-6.0;-5.5;-2.0;4;17;29;7;3;2020
2020-07-17;Thailand;4.0;-12.0;6.0;-7.0;-29.0;-14.0;4;17;29;7;3;2020
2020-07-18;South Korea;8.5;49.0;1.5;-6.0;-7.5;-6.5;5;18;29;7;3;2020
2020-07-18;Thailand;2.0;-18.0;5.0;-6.0;-31.0;-5.0;5;18;29;7;3;2020
2020-07-19;South Korea;12.0;13.5;3.5;-10.0;-16.5;-9.5;6;19;29;7;3;2020
2020-07-19;Thailand;3.0;-12.0;5.0;-6.0;-32.0;-5.0;6;19;29;7;3;2020
2020-07-20;South Korea;10.5;44.5;3.5;-4.0;-7.5;-1.5;0;20;30;7;3;2020
2020-07-20;Thailand;4.0;-12.0;5.0;-6.0;-28.0;-14.0;0;20;30;7;3;2020
2020-07-21;South Korea;8.0;51.0;0.0;2.0;-2.0;0.0;1;21;30;7;3;2020
2020-07-21;Thailand;1.0;-13.0;5.0;-7.0;-28.0;-15.0;1;21;30;7;3;2020
2020-07-22;South Korea;-3.0;15.0;3.5;-12.0;-10.5;-2.5;2;22;30;7;3;2020
2020-07-22;Thailand;2.0;-11.0;5.0;-6.0;-28.0;-13.0;2;22;30;7;3;2020
2020-07-23;South Korea;-14.5;-21.5;4.5;-20.0;-17.5;-2.5;3;23;30;7;3;2020
2020-07-23;Thailand;1.0;-10.0;5.0;-6.0;-26.0;-12.0;3;23;30;7;3;2020
2020-07-24;South Korea;8.0;26.0;3.5;-7.0;-9.0;-2.0;4;24;30;7;3;2020
2020-07-24;Thailand;3.0;-8.0;5.0;-7.0;-19.0;-14.0;4;24;30;7;3;2020
2020-07-25;South Korea;10.5;51.5;2.5;-5.5;-8.5;-7.0;5;25;30;7;3;2020
2020-07-25;Thailand;5.0;-10.0;3.0;-3.0;-24.0;-10.0;5;25;30;7;3;2020
2020-07-26;South Korea;-1.0;61.0;1.0;-2.0;-6.5;-8.0;6;26;30;7;3;2020
2020-07-26;Thailand;7.0;19.0;2.0;2.0;-29.0;-12.0;6;26;30;7;3;2020
2020-07-27;South Korea;9.5;28.0;3.5;-5.0;-8.5;-4.0;0;27;31;7;3;2020
2020-07-27;Thailand;11.0;45.0;11.0;11.0;-38.0;-55.0;0;27;31;7;3;2020
2020-07-28;South Korea;6.0;33.0;1.5;-0.5;-5.5;-2.5;1;28;31;7;3;2020
2020-07-28;Thailand;6.0;14.0;13.0;2.0;-38.0;-58.0;1;28;31;7;3;2020
2020-07-29;South Korea;1.0;14.0;4.0;-9.5;-12.5;-6.5;2;29;31;7;3;2020
2020-07-29;Thailand;2.0;-8.0;4.0;-5.0;-24.0;-15.0;2;29;31;7;3;2020
2020-07-30;South Korea;7.5;49.0;2.5;-3.0;-9.0;-6.5;3;30;31;7;3;2020
2020-07-30;Thailand;4.0;-8.0;4.0;-4.0;-25.0;-14.0;3;30;31;7;3;2020
2020-07-31;South Korea;9.5;47.5;2.5;-2.0;-4.5;-8.5;4;31;31;7;3;2020
2020-07-31;Thailand;6.0;-10.0;5.0;-4.0;-26.0;-15.0;4;31;31;7;3;2020
2020-08-01;South Korea;2.5;12.5;3.5;-12.5;-15.0;-18.5;5;1;31;8;3;2020
2020-08-01;Thailand;5.0;-19.0;5.0;-4.0;-27.0;-5.0;5;1;31;8;3;2020
2020-08-02;South Korea;6.0;-3.5;3.0;-16.0;-19.5;-16.0;6;2;31;8;3;2020
2020-08-02;Thailand;5.0;-17.0;5.0;-4.0;-28.0;-10.0;6;2;31;8;3;2020
2020-08-03;South Korea;10.0;34.5;6.0;-4.5;-11.5;-20.0;0;3;32;8;3;2020
2020-08-03;Thailand;7.0;-12.0;5.0;-3.0;-26.0;-13.0;0;3;32;8;3;2020
2020-08-04;South Korea;13.5;44.0;3.5;5.0;-6.0;-17.5;1;4;32;8;3;2020
2020-08-04;Thailand;1.0;-14.0;5.0;-7.0;-27.0;-14.0;1;4;32;8;3;2020
2020-08-05;South Korea;8.5;31.5;5.0;-4.5;-11.0;-16.5;2;5;32;8;3;2020
2020-08-05;Thailand;4.0;-16.0;4.0;-5.0;-27.0;-13.0;2;5;32;8;3;2020
2020-08-06;South Korea;5.5;37.0;5.0;-5.5;-11.0;-12.5;3;6;32;8;3;2020
2020-08-06;Thailand;0.0;-17.0;5.0;-7.0;-27.0;-12.0;3;6;32;8;3;2020
2020-08-07;South Korea;6.0;34.0;4.5;-4.5;-8.0;-12.0;4;7;32;8;3;2020
2020-08-07;Thailand;-1.0;-18.0;5.0;-10.0;-28.0;-13.0;4;7;32;8;3;2020
2020-08-08;South Korea;1.0;-3.0;5.5;-12.5;-17.0;-13.0;5;8;32;8;3;2020
2020-08-08;Thailand;-1.0;-21.0;4.0;-7.0;-29.0;-6.0;5;8;32;8;3;2020
2020-08-09;South Korea;-16.5;-19.5;6.0;-17.5;-25.0;-16.0;6;9;32;8;3;2020
2020-08-09;Thailand;2.0;-13.0;3.0;-5.0;-30.0;-6.0;6;9;32;8;3;2020
2020-08-10;South Korea;10.0;10.5;4.5;-5.0;-11.0;-8.5;0;10;33;8;3;2020
2020-08-10;Thailand;2.0;-15.0;4.0;-7.0;-29.0;-12.0;0;10;33;8;3;2020
2020-08-11;South Korea;10.5;25.5;2.5;1.5;-6.0;-8.0;1;11;33;8;3;2020
2020-08-11;Thailand;4.0;-10.0;2.0;-3.0;-26.0;-14.0;1;11;33;8;3;2020
2020-08-12;South Korea;8.5;46.5;1.5;-1.0;-6.0;-8.0;2;12;33;8;3;2020
2020-08-12;Thailand;7.0;7.0;13.0;8.0;-40.0;-56.0;2;12;33;8;3;2020
2020-08-13;South Korea;8.5;43.0;1.5;-2.0;-7.0;-8.5;3;13;33;8;3;2020
2020-08-13;Thailand;-7.0;-19.0;4.0;-13.0;-28.0;-12.0;3;13;33;8;3;2020
2020-08-14;South Korea;10.0;36.0;3.0;-3.0;-6.0;-12.0;4;14;33;8;3;2020
2020-08-14;Thailand;-5.0;-20.0;5.0;-14.0;-28.0;-12.0;4;14;33;8;3;2020
2020-08-15;South Korea;3.0;13.0;4.0;-14.0;-17.0;-26.0;5;15;33;8;3;2020
2020-08-15;Thailand;-1.0;-27.0;6.0;-11.0;-31.0;-6.0;5;15;33;8;3;2020
2020-08-16;South Korea;19.0;47.0;-0.5;-4.0;-8.0;-15.5;6;16;33;8;3;2020
2020-08-16;Thailand;0.0;-18.0;5.0;-9.0;-31.0;-7.0;6;16;33;8;3;2020
2020-08-17;South Korea;20.5;79.5;11.5;1.0;-18.5;-48.5;0;17;34;8;3;2020
2020-08-17;Thailand;1.0;-18.0;4.0;-9.0;-27.0;-10.0;0;17;34;8;3;2020
2020-08-18;South Korea;8.0;34.0;1.5;-8.0;-6.5;-8.0;1;18;34;8;3;2020
2020-08-18;Thailand;0.0;-18.0;3.0;-10.0;-28.0;-9.0;1;18;34;8;3;2020
2020-08-19;South Korea;7.0;38.0;4.0;-16.5;-12.0;-10.5;2;19;34;8;3;2020
2020-08-19;Thailand;-2.0;-17.0;3.0;-9.0;-27.0;-9.0;2;19;34;8;3;2020
2020-08-20;South Korea;2.0;28.5;4.0;-19.0;-15.5;-10.5;3;20;34;8;3;2020
2020-08-20;Thailand;-4.0;-18.0;4.0;-11.0;-26.0;-9.0;3;20;34;8;3;2020
2020-08-21;South Korea;2.0;20.5;6.0;-22.5;-15.5;-10.5;4;21;34;8;3;2020
2020-08-21;Thailand;-4.0;-21.0;4.0;-13.0;-28.0;-10.0;4;21;34;8;3;2020
2020-08-22;South Korea;-3.0;-7.0;8.0;-33.0;-26.0;-12.5;5;22;34;8;3;2020
2020-08-22;Thailand;-4.0;-24.0;5.0;-11.0;-31.0;-6.0;5;22;34;8;3;2020
2020-08-23;South Korea;-8.0;25.0;6.5;-28.5;-23.5;-18.5;6;23;34;8;3;2020
2020-08-23;Thailand;-3.0;-20.0;4.0;-11.0;-32.0;-7.0;6;23;34;8;3;2020
2020-08-24;South Korea;14.0;40.0;5.5;-18.0;-14.0;-9.5;0;24;35;8;3;2020
2020-08-24;Thailand;-1.0;-18.0;3.0;-10.0;-28.0;-8.0;0;24;35;8;3;2020
2020-08-25;South Korea;9.0;25.5;4.0;-17.0;-12.0;-9.5;1;25;35;8;3;2020
2020-08-25;Thailand;1.0;-16.0;3.0;-8.0;-27.0;-9.0;1;25;35;8;3;2020
2020-08-26;South Korea;0.0;3.0;8.5;-27.0;-22.0;-11.5;2;26;35;8;3;2020
2020-08-26;Thailand;-1.0;-16.0;3.0;-8.0;-27.0;-8.0;2;26;35;8;3;2020
2020-08-27;South Korea;-5.0;-1.5;9.5;-29.0;-26.5;-12.0;3;27;35;8;3;2020
2020-08-27;Thailand;-2.0;-17.0;3.0;-9.0;-26.0;-8.0;3;27;35;8;3;2020
2020-08-28;South Korea;0.5;5.0;8.5;-27.5;-21.0;-10.5;4;28;35;8;3;2020
2020-08-28;Thailand;-3.0;-15.0;3.0;-10.0;-24.0;-9.0;4;28;35;8;3;2020
2020-08-29;South Korea;-3.0;-15.5;9.5;-37.5;-30.5;-13.0;5;29;35;8;3;2020
2020-08-29;Thailand;0.0;-20.0;3.0;-6.0;-28.0;-5.0;5;29;35;8;3;2020
2020-08-30;South Korea;7.5;4.5;8.5;-37.5;-31.0;-21.0;6;30;35;8;3;2020
2020-08-30;Thailand;1.0;-16.0;3.0;-7.0;-29.0;-7.0;6;30;35;8;3;2020
2020-08-31;South Korea;10.5;45.5;7.5;-23.5;-17.5;-12.5;0;31;36;8;3;2020
2020-08-31;Thailand;7.0;-16.0;2.0;-3.0;-22.0;-8.0;0;31;36;8;3;2020
2020-09-01;South Korea;4.0;35.0;6.5;-25.0;-16.5;-13.0;1;1;36;9;3;2020
2020-09-01;Thailand;11.0;-17.0;3.0;-4.0;-21.0;-12.0;1;1;36;9;3;2020
2020-09-02;South Korea;-10.5;-18.0;11.0;-39.5;-29.5;-16.0;2;2;36;9;3;2020
2020-09-02;Thailand;0.0;-18.0;3.0;-8.0;-25.0;-11.0;2;2;36;9;3;2020
2020-09-03;South Korea;-1.5;24.0;10.0;-31.5;-26.0;-15.5;3;3;36;9;3;2020
2020-09-03;Thailand;2.0;-12.0;1.0;-3.0;-16.0;-11.0;3;3;36;9;3;2020
2020-09-04;South Korea;5.5;45.0;8.0;-28.0;-18.0;-14.0;4;4;36;9;3;2020
2020-09-04;Thailand;3.0;-4.0;10.0;-3.0;-34.0;-43.0;4;4;36;9;3;2020
2020-09-05;South Korea;6.0;32.0;7.5;-32.0;-24.0;-16.5;5;5;36;9;3;2020
2020-09-05;Thailand;1.0;-2.0;4.0;-4.0;-30.0;-20.0;5;5;36;9;3;2020
2020-09-06;South Korea;6.5;8.0;8.0;-34.5;-30.0;-22.5;6;6;36;9;3;2020
2020-09-06;Thailand;2.0;9.0;1.0;-1.0;-28.0;-16.0;6;6;36;9;3;2020
2020-09-07;South Korea;-11.5;-29.0;12.5;-36.0;-31.0;-17.0;0;7;37;9;3;2020
2020-09-07;Thailand;1.0;-4.0;9.0;-2.0;-36.0;-47.0;0;7;37;9;3;2020
2020-09-08;South Korea;10.5;56.0;5.5;-18.0;-12.5;-12.0;1;8;37;9;3;2020
2020-09-08;Thailand;1.0;-18.0;2.0;-8.0;-23.0;-11.0;1;8;37;9;3;2020
2020-09-09;South Korea;0.0;31.5;7.5;-27.5;-19.5;-13.0;2;9;37;9;3;2020
2020-09-09;Thailand;-1.0;-16.0;2.0;-8.0;-24.0;-9.0;2;9;37;9;3;2020
2020-09-10;South Korea;3.5;48.5;5.5;-24.5;-17.5;-12.0;3;10;37;9;3;2020
2020-09-10;Thailand;-2.0;-18.0;1.0;-9.0;-24.0;-9.0;3;10;37;9;3;2020
2020-09-11;South Korea;0.5;16.0;7.5;-28.0;-18.0;-13.0;4;11;37;9;3;2020
2020-09-11;Thailand;-1.0;-16.0;1.0;-8.0;-26.0;-9.0;4;11;37;9;3;2020
2020-09-12;South Korea;6.0;2.5;8.0;-30.0;-22.5;-16.0;5;12;37;9;3;2020
2020-09-12;Thailand;-3.0;-21.0;1.0;-7.0;-29.0;-5.0;5;12;37;9;3;2020
2020-09-13;South Korea;-0.5;73.0;4.5;-21.5;-14.5;-20.5;6;13;37;9;3;2020
2020-09-13;Thailand;-1.0;-13.0;1.0;-6.0;-29.0;-8.0;6;13;37;9;3;2020
2020-09-14;South Korea;14.0;56.5;4.0;-13.0;-10.5;-5.5;0;14;38;9;3;2020
2020-09-14;Thailand;-1.0;-16.0;1.0;-8.0;-26.0;-6.0;0;14;38;9;3;2020
2020-09-15;South Korea;9.0;49.5;2.5;-11.5;-8.0;-5.5;1;15;38;9;3;2020
2020-09-15;Thailand;1.0;-16.0;1.0;-7.0;-25.0;-8.0;1;15;38;9;3;2020
2020-09-16;South Korea;5.0;32.5;5.0;-19.5;-14.0;-7.0;2;16;38;9;3;2020
2020-09-16;Thailand;1.0;-16.0;2.0;-7.0;-24.0;-8.0;2;16;38;9;3;2020
2020-09-17;South Korea;1.5;38.0;3.5;-19.5;-14.0;-6.5;3;17;38;9;3;2020
2020-09-17;Thailand;-3.0;-16.0;2.0;-9.0;-26.0;-10.0;3;17;38;9;3;2020
2020-09-18;South Korea;6.0;42.0;4.0;-18.0;-9.5;-7.0;4;18;38;9;3;2020
2020-09-18;Thailand;-8.0;-25.0;4.0;-15.0;-28.0;-11.0;4;18;38;9;3;2020
2020-09-19;South Korea;8.5;44.5;2.5;-19.0;-10.5;-9.0;5;19;38;9;3;2020
2020-09-19;Thailand;-8.0;-32.0;6.0;-15.0;-32.0;-9.0;5;19;38;9;3;2020
2020-09-20;South Korea;19.5;62.0;2.5;-14.5;-10.0;-11.5;6;20;38;9;3;2020
2020-09-20;Thailand;-5.0;-27.0;5.0;-13.0;-32.0;-10.0;6;20;38;9;3;2020
2020-09-21;South Korea;13.5;58.0;2.0;-10.0;-6.0;-4.0;0;21;39;9;3;2020
2020-09-21;Thailand;-2.0;-20.0;3.0;-9.0;-27.0;-8.0;0;21;39;9;3;2020
2020-09-22;South Korea;12.0;48.5;1.0;-9.5;-0.5;-3.5;1;22;39;9;3;2020
2020-09-22;Thailand;-3.0;-21.0;3.0;-12.0;-25.0;-9.0;1;22;39;9;3;2020
2020-09-23;South Korea;12.0;46.5;2.0;-15.5;-1.0;-4.0;2;23;39;9;3;2020
2020-09-23;Thailand;-8.0;-26.0;3.0;-15.0;-23.0;-8.0;2;23;39;9;3;2020
2020-09-24;South Korea;11.5;39.5;2.0;-16.0;-1.5;-3.5;3;24;39;9;3;2020
2020-09-24;Thailand;-6.0;-26.0;3.0;-15.0;-25.0;-8.0;3;24;39;9;3;2020
2020-09-25;South Korea;14.0;34.5;3.0;-15.0;1.0;-3.5;4;25;39;9;3;2020
2020-09-25;Thailand;-1.0;-23.0;2.0;-12.0;-24.0;-8.0;4;25;39;9;3;2020
2020-09-26;South Korea;19.0;39.5;3.0;-15.5;-1.0;-5.0;5;26;39;9;3;2020
2020-09-26;Thailand;-2.0;-22.0;2.0;-9.0;-23.0;-4.0;5;26;39;9;3;2020
2020-09-27;South Korea;12.5;59.5;3.5;-12.0;1.0;-7.5;6;27;39;9;3;2020
2020-09-27;Thailand;-3.0;-17.0;2.0;-11.0;-27.0;-9.0;6;27;39;9;3;2020
2020-09-28;South Korea;42.0;55.0;1.5;-1.0;7.5;-3.5;0;28;40;9;3;2020
2020-09-28;Thailand;-5.0;-27.0;3.0;-14.0;-26.0;-8.0;0;28;40;9;3;2020
2020-09-29;South Korea;64.0;50.5;0.0;7.0;14.0;-9.0;1;29;40;9;3;2020
2020-09-29;Thailand;-3.0;-25.0;3.0;-13.0;-26.0;-8.0;1;29;40;9;3;2020
2020-09-30;South Korea;70.0;67.5;13.5;-21.5;-18.5;-73.5;2;30;40;9;3;2020
2020-09-30;Thailand;4.0;-21.0;0.0;-7.0;-23.0;-8.0;2;30;40;9;3;2020
2020-10-01;South Korea;-22.0;102.0;12.0;-49.5;-31.5;-82.5;3;1;40;10;4;2020
2020-10-01;Thailand;3.0;-23.0;0.0;-10.0;-23.0;-8.0;3;1;40;10;4;2020
2020-10-02;South Korea;-4.0;87.5;18.0;-28.5;-30.0;-76.5;4;2;40;10;4;2020
2020-10-02;Thailand;1.0;-22.0;0.0;-13.0;-23.0;-10.0;4;2;40;10;4;2020
2020-10-03;South Korea;-7.0;57.0;7.0;-27.0;-15.5;-42.0;5;3;40;10;4;2020
2020-10-03;Thailand;0.0;-23.0;0.0;-9.0;-26.0;-10.0;5;3;40;10;4;2020
2020-10-04;South Korea;8.0;45.0;5.5;-19.0;-9.0;-12.0;6;4;40;10;4;2020
2020-10-04;Thailand;2.0;-16.0;-1.0;-7.0;-26.0;-13.0;6;4;40;10;4;2020
2020-10-05;South Korea;15.5;50.0;2.5;-9.5;1.5;-2.5;0;5;41;10;4;2020
2020-10-05;Thailand;-1.0;-24.0;-1.0;-11.0;-26.0;-10.0;0;5;41;10;4;2020
2020-10-06;South Korea;10.5;47.5;0.5;-9.5;4.5;-2.0;1;6;41;10;4;2020
2020-10-06;Thailand;-2.0;-25.0;0.0;-12.0;-26.0;-10.0;1;6;41;10;4;2020
2020-10-07;South Korea;11.0;54.0;2.0;-14.5;0.5;-2.0;2;7;41;10;4;2020
2020-10-07;Thailand;-4.0;-24.0;0.0;-12.0;-26.0;-8.0;2;7;41;10;4;2020
2020-10-08;South Korea;13.0;50.5;-0.5;-10.5;3.0;-2.0;3;8;41;10;4;2020
2020-10-08;Thailand;-10.0;-30.0;3.0;-18.0;-28.0;-9.0;3;8;41;10;4;2020
2020-10-09;South Korea;15.5;98.5;14.5;-11.5;-14.5;-53.0;4;9;41;10;4;2020
2020-10-09;Thailand;-5.0;-27.0;3.0;-15.0;-27.0;-9.0;4;9;41;10;4;2020
2020-10-10;South Korea;7.5;55.5;3.0;-17.5;-3.0;-9.0;5;10;41;10;4;2020
2020-10-10;Thailand;-6.0;-29.0;3.0;-14.0;-28.0;-7.0;5;10;41;10;4;2020
2020-10-11;South Korea;-1.5;68.0;3.0;-14.0;0.5;-8.0;6;11;41;10;4;2020
2020-10-11;Thailand;-4.0;-16.0;2.0;-11.0;-31.0;-11.0;6;11;41;10;4;2020
2020-10-12;South Korea;18.0;59.5;1.5;-8.5;4.5;-1.0;0;12;42;10;4;2020
2020-10-12;Thailand;-2.0;-14.0;3.0;-8.0;-28.0;-16.0;0;12;42;10;4;2020
2020-10-13;South Korea;12.0;50.0;0.0;-6.5;6.5;-1.0;1;13;42;10;4;2020
2020-10-13;Thailand;-7.0;-19.0;14.0;-10.0;-41.0;-54.0;1;13;42;10;4;2020
2020-10-14;South Korea;10.5;50.0;1.5;-11.5;1.5;-1.5;2;14;42;10;4;2020
2020-10-14;Thailand;-5.0;-23.0;2.0;-12.0;-24.0;-8.0;2;14;42;10;4;2020
2020-10-15;South Korea;9.0;44.0;1.0;-11.0;0.0;-1.0;3;15;42;10;4;2020
2020-10-15;Thailand;-5.0;-30.0;3.0;-13.0;-23.0;-8.0;3;15;42;10;4;2020
2020-10-16;South Korea;9.5;33.5;2.0;-12.0;2.5;-2.0;4;16;42;10;4;2020
2020-10-16;Thailand;-8.0;-34.0;4.0;-20.0;-26.0;-9.0;4;16;42;10;4;2020
2020-10-17;South Korea;12.0;48.5;1.0;-10.5;4.5;-5.5;5;17;42;10;4;2020
2020-10-17;Thailand;-8.0;-40.0;6.0;-21.0;-34.0;-9.0;5;17;42;10;4;2020
2020-10-18;South Korea;21.5;65.5;1.0;-6.5;4.5;-7.5;6;18;42;10;4;2020
2020-10-18;Thailand;-6.0;-31.0;5.0;-18.0;-34.0;-14.0;6;18;42;10;4;2020
2020-10-19;South Korea;18.5;62.0;1.0;-5.0;6.0;0.0;0;19;43;10;4;2020
2020-10-19;Thailand;-4.0;-32.0;4.0;-16.0;-29.0;-9.0;0;19;43;10;4;2020
2020-10-20;South Korea;14.0;55.0;-1.0;-3.0;9.5;0.0;1;20;43;10;4;2020
2020-10-20;Thailand;-4.0;-30.0;3.0;-14.0;-28.0;-10.0;1;20;43;10;4;2020
2020-10-21;South Korea;11.0;49.0;1.0;-10.0;3.0;0.0;2;21;43;10;4;2020
2020-10-21;Thailand;-5.0;-27.0;2.0;-13.0;-26.0;-8.0;2;21;43;10;4;2020
2020-10-22;South Korea;6.0;38.0;0.5;-10.5;0.5;1.0;3;22;43;10;4;2020
2020-10-22;Thailand;-1.0;-23.0;-1.0;-9.0;-21.0;-9.0;3;22;43;10;4;2020
2020-10-23;South Korea;9.5;33.0;1.0;-10.0;2.0;0.0;4;23;43;10;4;2020
2020-10-23;Thailand;2.0;-8.0;8.0;-7.0;-38.0;-47.0;4;23;43;10;4;2020
2020-10-24;South Korea;11.5;41.0;1.0;-9.5;3.5;-5.0;5;24;43;10;4;2020
2020-10-24;Thailand;-1.0;-16.0;0.0;-11.0;-32.0;-13.0;5;24;43;10;4;2020
2020-10-25;South Korea;4.0;72.5;0.5;-3.5;6.5;-9.0;6;25;43;10;4;2020
2020-10-25;Thailand;-1.0;-14.0;-3.0;-10.0;-28.0;-12.0;6;25;43;10;4;2020
2020-10-26;South Korea;19.0;60.5;0.5;-4.0;7.0;1.5;0;26;44;10;4;2020
2020-10-26;Thailand;0.0;-24.0;-1.0;-9.0;-25.0;-8.0;0;26;44;10;4;2020
2020-10-27;South Korea;13.0;51.5;-1.0;-3.0;9.0;1.0;1;27;44;10;4;2020
2020-10-27;Thailand;2.0;-24.0;-1.0;-8.0;-25.0;-8.0;1;27;44;10;4;2020
2020-10-28;South Korea;8.5;52.0;0.5;-8.5;3.0;1.0;2;28;44;10;4;2020
2020-10-28;Thailand;0.0;-24.0;-1.0;-8.0;-24.0;-7.0;2;28;44;10;4;2020
2020-10-29;South Korea;6.0;40.0;0.0;-9.5;0.5;1.5;3;29;44;10;4;2020
2020-10-29;Thailand;-5.0;-31.0;1.0;-12.0;-26.0;-8.0;3;29;44;10;4;2020
2020-10-30;South Korea;8.0;39.0;0.5;-9.5;3.0;1.0;4;30;44;10;4;2020
2020-10-30;Thailand;4.0;-21.0;0.0;-7.0;-23.0;-7.0;4;30;44;10;4;2020
2020-10-31;South Korea;11.5;51.5;0.0;-8.5;5.0;-5.5;5;31;44;10;4;2020
2020-10-31;Thailand;5.0;19.0;-3.0;-2.0;-17.0;-5.0;5;31;44;10;4;2020
2020-11-01;South Korea;14.5;-6.0;2.5;-13.5;-6.0;-11.0;6;1;44;11;4;2020
2020-11-01;Thailand;10.0;-16.0;-1.0;-1.0;-23.0;-10.0;6;1;44;11;4;2020
2020-11-02;South Korea;11.0;47.5;0.5;-5.0;3.0;2.0;0;2;45;11;4;2020
2020-11-02;Thailand;7.0;-26.0;-1.0;-3.0;-23.0;-8.0;0;2;45;11;4;2020
2020-11-03;South Korea;3.0;17.0;0.0;-6.0;3.0;1.5;1;3;45;11;4;2020
2020-11-03;Thailand;5.0;-27.0;0.0;-4.0;-24.0;-9.0;1;3;45;11;4;2020
2020-11-04;South Korea;5.0;26.5;1.0;-10.5;-0.5;1.0;2;4;45;11;4;2020
2020-11-04;Thailand;2.0;-28.0;0.0;-6.0;-25.0;-8.0;2;4;45;11;4;2020
2020-11-05;South Korea;3.5;29.0;0.5;-11.0;1.0;1.5;3;5;45;11;4;2020
2020-11-05;Thailand;3.0;-26.0;0.0;-6.0;-24.0;-8.0;3;5;45;11;4;2020
2020-11-06;South Korea;5.0;23.5;1.0;-12.0;2.0;0.0;4;6;45;11;4;2020
2020-11-06;Thailand;1.0;-25.0;1.0;-8.0;-26.0;-8.0;4;6;45;11;4;2020
2020-11-07;South Korea;9.5;34.5;1.0;-9.5;3.5;-7.0;5;7;45;11;4;2020
2020-11-07;Thailand;0.0;-26.0;0.0;-7.0;-26.0;-4.0;5;7;45;11;4;2020
2020-11-08;South Korea;-2.0;39.5;0.5;-5.0;4.5;-10.0;6;8;45;11;4;2020
2020-11-08;Thailand;3.0;-16.0;0.0;-5.0;-25.0;-8.0;6;8;45;11;4;2020
2020-11-09;South Korea;12.5;24.0;1.5;-8.0;2.0;1.5;0;9;46;11;4;2020
2020-11-09;Thailand;1.0;-26.0;1.0;-8.0;-26.0;-10.0;0;9;46;11;4;2020
2020-11-10;South Korea;12.0;25.0;-0.5;-3.5;6.5;2.0;1;10;46;11;4;2020
2020-11-10;Thailand;4.0;-23.0;1.0;-6.0;-25.0;-12.0;1;10;46;11;4;2020
2020-11-11;South Korea;9.5;36.5;0.5;-8.5;3.5;1.0;2;11;46;11;4;2020
2020-11-11;Thailand;1.0;-25.0;1.0;-6.0;-24.0;-11.0;2;11;46;11;4;2020
2020-11-12;South Korea;5.0;28.0;0.5;-10.5;1.0;1.5;3;12;46;11;4;2020
2020-11-12;Thailand;0.0;-24.0;1.0;-8.0;-24.0;-12.0;3;12;46;11;4;2020
2020-11-13;South Korea;6.5;22.5;1.0;-12.0;3.0;0.0;4;13;46;11;4;2020
2020-11-13;Thailand;3.0;-22.0;1.0;-6.0;-24.0;-12.0;4;13;46;11;4;2020
2020-11-14;South Korea;8.0;28.0;1.0;-11.5;2.0;-7.5;5;14;46;11;4;2020
2020-11-14;Thailand;3.0;-19.0;-1.0;-5.0;-23.0;-4.0;5;14;46;11;4;2020
2020-11-15;South Korea;16.0;35.0;0.5;-8.5;3.5;-9.0;6;15;46;11;4;2020
2020-11-15;Thailand;6.0;-10.0;-1.0;-2.0;-22.0;-6.0;6;15;46;11;4;2020
2020-11-16;South Korea;10.5;35.0;1.0;-8.0;3.5;1.5;0;16;47;11;4;2020
2020-11-16;Thailand;4.0;-17.0;1.0;-4.0;-23.0;-16.0;0;16;47;11;4;2020
2020-11-17;South Korea;6.0;21.5;0.0;-8.0;5.5;1.5;1;17;47;11;4;2020
2020-11-17;Thailand;4.0;-17.0;1.0;-4.0;-21.0;-18.0;1;17;47;11;4;2020
2020-11-18;South Korea;2.5;6.5;2.0;-16.5;-1.5;0.5;2;18;47;11;4;2020
2020-11-18;Thailand;4.0;-14.0;0.0;-3.0;-18.0;-17.0;2;18;47;11;4;2020
2020-11-19;South Korea;-5.0;-20.0;4.5;-22.0;-8.5;-1.0;3;19;47;11;4;2020
2020-11-19;Thailand;4.0;-7.0;3.0;-1.0;-24.0;-30.0;3;19;47;11;4;2020
2020-11-20;South Korea;5.0;-3.0;2.5;-17.5;-2.0;-0.5;4;20;47;11;4;2020
2020-11-20;Thailand;4.0;-6.0;5.0;-4.0;-30.0;-31.0;4;20;47;11;4;2020
2020-11-21;South Korea;7.5;6.5;3.0;-18.5;-6.0;-8.0;5;21;47;11;4;2020
2020-11-21;Thailand;0.0;-16.0;0.0;-7.0;-24.0;-8.0;5;21;47;11;4;2020
2020-11-22;South Korea;-8.5;-10.0;4.0;-20.0;-11.5;-13.5;6;22;47;11;4;2020
2020-11-22;Thailand;6.0;-12.0;-2.0;-2.0;-21.0;-9.0;6;22;47;11;4;2020
2020-11-23;South Korea;10.5;12.0;3.0;-13.5;-2.5;0.5;0;23;48;11;4;2020
2020-11-23;Thailand;4.0;-17.0;0.0;-4.0;-22.0;-16.0;0;23;48;11;4;2020
2020-11-24;South Korea;6.0;9.5;3.0;-17.5;-2.5;-1.0;1;24;48;11;4;2020
2020-11-24;Thailand;5.0;-15.0;0.0;-4.0;-21.0;-17.0;1;24;48;11;4;2020
2020-11-25;South Korea;5.5;17.5;4.5;-22.5;-5.5;-1.5;2;25;48;11;4;2020
2020-11-25;Thailand;6.0;-13.0;0.0;-1.0;-19.0;-16.0;2;25;48;11;4;2020
2020-11-26;South Korea;2.5;9.5;5.0;-25.5;-9.5;-4.0;3;26;48;11;4;2020
2020-11-26;Thailand;5.0;-15.0;0.0;-1.0;-19.0;-15.0;3;26;48;11;4;2020
2020-11-27;South Korea;4.0;-5.0;7.0;-27.5;-11.0;-6.0;4;27;48;11;4;2020
2020-11-27;Thailand;5.0;-12.0;1.0;-3.0;-21.0;-15.0;4;27;48;11;4;2020
2020-11-28;South Korea;3.5;-16.5;7.5;-31.0;-19.5;-11.5;5;28;48;11;4;2020
2020-11-28;Thailand;5.0;-12.0;-2.0;-1.0;-19.0;-3.0;5;28;48;11;4;2020
2020-11-29;South Korea;8.0;-12.5;6.5;-29.5;-19.5;-14.5;6;29;48;11;4;2020
2020-11-29;Thailand;9.0;-8.0;-2.0;1.0;-18.0;-4.0;6;29;48;11;4;2020
2020-11-30;South Korea;8.0;6.0;6.0;-21.0;-9.5;-5.0;0;30;49;11;4;2020
2020-11-30;Thailand;13.0;-19.0;-1.0;2.0;-19.0;-10.0;0;30;49;11;4;2020
2020-12-01;South Korea;4.0;4.5;6.0;-21.0;-8.0;-5.5;1;1;49;12;4;2020
2020-12-01;Thailand;12.0;-21.0;-1.0;-2.0;-19.0;-6.0;1;1;49;12;4;2020
2020-12-02;South Korea;5.5;8.5;7.0;-25.5;-11.0;-6.0;2;2;49;12;4;2020
2020-12-02;Thailand;10.0;-21.0;-1.0;-1.0;-19.0;-4.0;2;2;49;12;4;2020
2020-12-03;South Korea;-1.5;0.0;7.0;-27.0;-13.0;-7.5;3;3;49;12;4;2020
2020-12-03;Thailand;7.0;-20.0;-1.0;-3.0;-20.0;-4.0;3;3;49;12;4;2020
2020-12-04;South Korea;2.0;-4.5;8.0;-29.0;-12.5;-7.5;4;4;49;12;4;2020
2020-12-04;Thailand;8.0;-16.0;-1.0;-3.0;-20.0;-5.0;4;4;49;12;4;2020
2020-12-05;South Korea;5.0;-7.5;7.5;-30.5;-17.5;-11.0;5;5;49;12;4;2020
2020-12-05;Thailand;10.0;-6.0;1.0;2.0;-22.0;-19.0;5;5;49;12;4;2020
2020-12-06;South Korea;8.5;5.5;6.5;-29.0;-18.5;-14.5;6;6;49;12;4;2020
2020-12-06;Thailand;9.0;-4.0;-2.0;1.0;-23.0;-4.0;6;6;49;12;4;2020
2020-12-07;South Korea;4.0;7.5;7.0;-25.0;-10.5;-5.0;0;7;50;12;4;2020
2020-12-07;Thailand;8.0;-15.0;0.0;-1.0;-28.0;-13.0;0;7;50;12;4;2020
2020-12-08;South Korea;-1.5;4.0;6.5;-26.5;-10.5;-6.5;1;8;50;12;4;2020
2020-12-08;Thailand;6.0;-17.0;-1.0;-4.0;-21.0;-4.0;1;8;50;12;4;2020
2020-12-09;South Korea;-3.5;13.0;8.0;-30.5;-14.5;-8.5;2;9;50;12;4;2020
2020-12-09;Thailand;7.0;-12.0;-2.0;-1.0;-16.0;-5.0;2;9;50;12;4;2020
2020-12-10;South Korea;-2.5;10.0;7.5;-29.5;-14.5;-7.5;3;10;50;12;4;2020
2020-12-10;Thailand;9.0;5.0;5.0;1.0;-27.0;-35.0;3;10;50;12;4;2020
2020-12-11;South Korea;4.5;6.0;8.5;-22.5;-13.5;-9.5;4;11;50;12;4;2020
2020-12-11;Thailand;7.0;7.0;8.0;-5.0;-34.0;-34.0;4;11;50;12;4;2020
2020-12-12;South Korea;8.0;-4.0;9.5;-28.0;-20.5;-14.0;5;12;50;12;4;2020
2020-12-12;Thailand;3.0;-7.0;1.0;-6.0;-26.0;-4.0;5;12;50;12;4;2020
2020-12-13;South Korea;-12.5;-21.0;11.0;-37.0;-30.0;-23.0;6;13;50;12;4;2020
2020-12-13;Thailand;6.0;-8.0;0.0;-5.0;-22.0;-3.0;6;13;50;12;4;2020
2020-12-14;South Korea;6.5;-10.5;9.5;-22.5;-17.0;-10.5;0;14;51;12;4;2020
2020-12-14;Thailand;6.0;-17.0;0.0;-7.0;-21.0;-3.0;0;14;51;12;4;2020
2020-12-15;South Korea;1.0;-14.5;8.5;-22.0;-16.5;-11.5;1;15;51;12;4;2020
2020-12-15;Thailand;9.0;-17.0;0.0;-6.0;-19.0;-5.0;1;15;51;12;4;2020
2020-12-16;South Korea;1.0;-11.5;10.5;-27.0;-21.0;-12.5;2;16;51;12;4;2020
2020-12-16;Thailand;4.0;-16.0;0.0;-7.0;-20.0;-4.0;2;16;51;12;4;2020
2020-12-17;South Korea;0.0;-5.5;10.0;-26.0;-20.5;-11.5;3;17;51;12;4;2020
2020-12-17;Thailand;4.0;-16.0;0.0;-6.0;-19.0;-4.0;3;17;51;12;4;2020
2020-12-18;South Korea;3.0;-10.0;11.5;-27.5;-18.0;-13.0;4;18;51;12;4;2020
2020-12-18;Thailand;5.0;-15.0;0.0;-7.0;-20.0;-4.0;4;18;51;12;4;2020
2020-12-19;South Korea;6.0;-23.0;12.0;-32.0;-27.0;-16.0;5;19;51;12;4;2020
2020-12-19;Thailand;5.0;-19.0;0.0;-7.0;-20.0;2.0;5;19;51;12;4;2020
2020-12-20;South Korea;10.0;-9.5;10.5;-33.5;-29.5;-21.5;6;20;51;12;4;2020
2020-12-20;Thailand;10.0;-12.0;-1.0;-4.0;-20.0;-3.0;6;20;51;12;4;2020
2020-12-21;South Korea;8.5;11.5;9.5;-18.5;-13.0;-11.5;0;21;52;12;4;2020
2020-12-21;Thailand;6.0;-19.0;1.0;-9.0;-24.0;-5.0;0;21;52;12;4;2020
2020-12-22;South Korea;4.0;8.5;7.5;-18.0;-12.0;-11.5;1;22;52;12;4;2020
2020-12-22;Thailand;4.0;-20.0;2.0;-11.0;-28.0;-7.0;1;22;52;12;4;2020
2020-12-23;South Korea;4.5;9.5;9.5;-22.0;-15.0;-12.5;2;23;52;12;4;2020
2020-12-23;Thailand;2.0;-22.0;3.0;-12.0;-29.0;-8.0;2;23;52;12;4;2020
2020-12-24;South Korea;25.0;8.0;8.5;-14.0;-12.0;-15.0;3;24;52;12;4;2020
2020-12-24;Thailand;1.0;-24.0;4.0;-14.0;-32.0;-9.0;3;24;52;12;4;2020
2020-12-25;South Korea;10.5;15.5;29.0;-31.5;-42.0;-67.0;4;25;52;12;4;2020
2020-12-25;Thailand;4.0;-23.0;5.0;-12.0;-39.0;-12.0;4;25;52;12;4;2020
2020-12-26;South Korea;1.5;0.5;13.5;-35.5;-29.5;-23.5;5;26;52;12;4;2020
2020-12-26;Thailand;2.0;-29.0;4.0;-15.0;-41.0;-5.0;5;26;52;12;4;2020
2020-12-27;South Korea;-12.0;7.0;11.5;-37.0;-30.0;-24.5;6;27;52;12;4;2020
2020-12-27;Thailand;2.0;-18.0;3.0;-13.0;-42.0;-6.0;6;27;52;12;4;2020
2020-12-28;South Korea;12.5;26.5;10.0;-17.0;-13.0;-14.5;0;28;53;12;4;2020
2020-12-28;Thailand;7.0;-12.0;5.0;-8.0;-40.0;-21.0;0;28;53;12;4;2020
2020-12-29;South Korea;4.0;-5.0;9.5;-20.0;-15.0;-15.5;1;29;53;12;4;2020
2020-12-29;Thailand;9.0;-9.0;6.0;-8.0;-39.0;-27.0;1;29;53;12;4;2020
2020-12-30;South Korea;1.5;-20.0;12.0;-27.0;-22.5;-18.0;2;30;53;12;4;2020
2020-12-30;Thailand;13.0;-2.0;6.0;-5.0;-39.0;-35.0;2;30;53;12;4;2020
2020-12-31;South Korea;31.5;-10.0;12.5;-17.0;-18.5;-24.0;3;31;53;12;4;2020
2020-12-31;Thailand;21.0;14.0;11.0;-8.0;-48.0;-66.0;3;31;53;12;4;2020
2021-01-01;South Korea;-3.0;11.0;32.5;-46.0;-50.5;-77.0;4;1;53;1;1;2021
2021-01-01;Thailand;7.0;8.0;14.0;-20.0;-57.0;-70.0;4;1;53;1;1;2021
2021-01-02;South Korea;0.0;-14.0;15.5;-37.0;-35.0;-33.5;5;2;53;1;1;2021
2021-01-02;Thailand;3.0;-17.0;8.0;-23.0;-49.0;-43.0;5;2;53;1;1;2021
2021-01-03;South Korea;3.0;-11.5;11.5;-37.5;-33.0;-24.5;6;3;53;1;1;2021
2021-01-03;Thailand;6.0;-23.0;4.0;-20.0;-43.0;-17.0;6;3;53;1;1;2021
2021-01-04;South Korea;6.0;6.0;10.0;-22.0;-15.5;-11.5;0;4;1;1;1;2021
2021-01-04;Thailand;7.0;-29.0;7.0;-18.0;-44.0;-16.0;0;4;1;1;1;2021
2021-01-05;South Korea;1.0;-8.5;9.0;-22.0;-16.0;-12.5;1;5;1;1;1;2021
2021-01-05;Thailand;5.0;-30.0;8.0;-20.0;-46.0;-18.0;1;5;1;1;1;2021
2021-01-06;South Korea;1.0;-2.0;10.5;-28.5;-16.0;-13.5;2;6;1;1;1;2021
2021-01-06;Thailand;3.0;-31.0;8.0;-20.0;-48.0;-17.0;2;6;1;1;1;2021
2021-01-07;South Korea;-16.0;-35.5;14.0;-38.5;-19.5;-18.0;3;7;1;1;1;2021
2021-01-07;Thailand;1.0;-32.0;8.0;-21.0;-49.0;-17.0;3;7;1;1;1;2021
2021-01-08;South Korea;-6.5;-37.5;15.0;-35.0;-24.5;-16.5;4;8;1;1;1;2021
2021-01-08;Thailand;2.0;-34.0;9.0;-22.0;-51.0;-16.0;4;8;1;1;1;2021
2021-01-09;South Korea;5.5;-38.5;14.5;-34.0;-32.0;-18.5;5;9;1;1;1;2021
2021-01-09;Thailand;1.0;-41.0;7.0;-21.0;-52.0;-3.0;5;9;1;1;1;2021
2021-01-10;South Korea;-8.5;-21.5;12.5;-34.0;-34.5;-24.5;6;10;1;1;1;2021
2021-01-10;Thailand;1.0;-37.0;8.0;-20.0;-54.0;-7.0;6;10;1;1;1;2021
2021-01-11;South Korea;9.0;-4.0;10.0;-22.0;-17.5;-12.0;0;11;2;1;1;2021
2021-01-11;Thailand;1.0;-33.0;8.0;-17.0;-50.0;-16.0;0;11;2;1;1;2021
2021-01-12;South Korea;1.5;-3.5;9.0;-23.0;-13.0;-13.0;1;12;2;1;1;2021
2021-01-12;Thailand;1.0;-32.0;8.0;-17.0;-50.0;-18.0;1;12;2;1;1;2021
2021-01-13;South Korea;4.5;8.5;10.0;-24.5;-16.0;-13.5;2;13;2;1;1;2021
2021-01-13;Thailand;-1.0;-33.0;7.0;-18.0;-50.0;-17.0;2;13;2;1;1;2021
2021-01-14;South Korea;4.5;10.0;8.5;-22.0;-18.5;-12.5;3;14;2;1;1;2021
2021-01-14;Thailand;-5.0;-36.0;7.0;-19.0;-52.0;-19.0;3;14;2;1;1;2021
2021-01-15;South Korea;3.5;-4.5;10.0;-26.0;-19.0;-13.5;4;15;2;1;1;2021
2021-01-15;Thailand;-5.0;-39.0;8.0;-22.0;-54.0;-20.0;4;15;2;1;1;2021
2021-01-16;South Korea;8.0;-15.0;10.5;-27.5;-25.0;-15.5;5;16;2;1;1;2021
2021-01-16;Thailand;-5.0;-44.0;6.0;-22.0;-55.0;-9.0;5;16;2;1;1;2021
2021-01-17;South Korea;11.5;-12.5;10.0;-30.5;-29.0;-21.0;6;17;2;1;1;2021
2021-01-17;Thailand;-3.0;-38.0;6.0;-21.0;-56.0;-12.0;6;17;2;1;1;2021
2021-01-18;South Korea;-0.5;-11.0;10.5;-23.0;-17.0;-13.0;0;18;3;1;1;2021
2021-01-18;Thailand;-3.0;-35.0;6.0;-17.0;-51.0;-18.0;0;18;3;1;1;2021
2021-01-19;South Korea;1.5;-2.0;7.5;-17.5;-15.5;-11.5;1;19;3;1;1;2021
2021-01-19;Thailand;-4.0;-35.0;6.0;-18.0;-51.0;-18.0;1;19;3;1;1;2021
2021-01-20;South Korea;7.0;16.5;7.5;-18.0;-14.5;-11.0;2;20;3;1;1;2021
2021-01-20;Thailand;-2.0;-34.0;6.0;-16.0;-50.0;-16.0;2;20;3;1;1;2021
2021-01-21;South Korea;-6.5;-13.0;8.5;-24.0;-19.5;-10.5;3;21;3;1;1;2021
2021-01-21;Thailand;-4.0;-35.0;7.0;-18.0;-51.0;-16.0;3;21;3;1;1;2021
2021-01-22;South Korea;3.0;-5.5;9.5;-22.0;-17.5;-11.0;4;22;3;1;1;2021
2021-01-22;Thailand;-3.0;-36.0;7.0;-19.0;-52.0;-15.0;4;22;3;1;1;2021
2021-01-23;South Korea;10.0;1.5;9.0;-21.0;-20.5;-12.5;5;23;3;1;1;2021
2021-01-23;Thailand;-2.0;-41.0;5.0;-18.0;-52.0;-3.0;5;23;3;1;1;2021
2021-01-24;South Korea;-1.0;35.0;7.0;-18.5;-20.0;-18.0;6;24;3;1;1;2021
2021-01-24;Thailand;-1.0;-33.0;5.0;-16.0;-53.0;-8.0;6;24;3;1;1;2021
2021-01-25;South Korea;15.0;38.0;6.5;-11.0;-10.0;-9.0;0;25;4;1;1;2021
2021-01-25;Thailand;0.0;-32.0;5.0;-14.0;-49.0;-13.0;0;25;4;1;1;2021
2021-01-26;South Korea;0.0;-12.5;7.5;-17.0;-14.0;-10.0;1;26;4;1;1;2021
2021-01-26;Thailand;0.0;-32.0;5.0;-14.0;-49.0;-14.0;1;26;4;1;1;2021
2021-01-27;South Korea;7.5;21.5;7.0;-15.0;-13.0;-9.5;2;27;4;1;1;2021
2021-01-27;Thailand;1.0;-32.0;5.0;-13.0;-49.0;-12.0;2;27;4;1;1;2021
2021-01-28;South Korea;-5.5;-21.0;9.5;-25.0;-21.0;-10.5;3;28;4;1;1;2021
2021-01-28;Thailand;0.0;-33.0;5.0;-14.0;-48.0;-12.0;3;28;4;1;1;2021
2021-01-29;South Korea;2.0;-20.0;10.5;-22.0;-20.5;-10.0;4;29;4;1;1;2021
2021-01-29;Thailand;4.0;-34.0;4.0;-13.0;-48.0;-11.0;4;29;4;1;1;2021
2021-01-30;South Korea;13.0;-4.5;9.0;-18.5;-21.5;-11.0;5;30;4;1;1;2021
2021-01-30;Thailand;6.0;-37.0;2.0;-11.0;-47.0;-2.0;5;30;4;1;1;2021
2021-01-31;South Korea;22.5;20.0;7.0;-15.5;-22.5;-14.5;6;31;4;1;1;2021
2021-01-31;Thailand;10.0;-31.0;1.0;-8.0;-47.0;-6.0;6;31;4;1;1;2021
2021-02-01;South Korea;15.5;10.5;7.5;-9.0;-11.5;-8.0;0;1;5;2;1;2021
2021-02-01;Thailand;10.0;-33.0;0.0;-9.0;-44.0;-7.0;0;1;5;2;1;2021
2021-02-02;South Korea;9.5;-4.5;6.0;-10.0;-11.5;-8.0;1;2;5;2;1;2021
2021-02-02;Thailand;9.0;-31.0;0.0;-8.0;-44.0;-9.0;1;2;5;2;1;2021
2021-02-03;South Korea;12.0;4.5;7.0;-15.0;-13.0;-8.0;2;3;5;2;1;2021
2021-02-03;Thailand;5.0;-31.0;1.0;-9.0;-43.0;-8.0;2;3;5;2;1;2021
2021-02-04;South Korea;4.0;-6.5;8.0;-17.0;-14.0;-8.5;3;4;5;2;1;2021
2021-02-04;Thailand;3.0;-32.0;1.0;-11.0;-43.0;-8.0;3;4;5;2;1;2021
2021-02-05;South Korea;11.0;0.0;7.5;-15.5;-12.5;-8.0;4;5;5;2;1;2021
2021-02-05;Thailand;7.0;-32.0;1.0;-10.0;-43.0;-8.0;4;5;5;2;1;2021
2021-02-06;South Korea;16.0;2.5;7.5;-16.5;-17.0;-8.0;5;6;5;2;1;2021
2021-02-06;Thailand;5.0;-35.0;1.0;-9.0;-44.0;0.0;5;6;5;2;1;2021
2021-02-07;South Korea;27.5;9.0;7.0;-13.5;-19.5;-11.5;6;7;5;2;1;2021
2021-02-07;Thailand;7.0;-28.0;1.0;-8.0;-45.0;-7.0;6;7;5;2;1;2021
2021-02-08;South Korea;22.5;5.5;6.5;-5.5;-9.0;-8.0;0;8;6;2;1;2021
2021-02-08;Thailand;5.0;-32.0;0.0;-10.0;-43.0;-8.0;0;8;6;2;1;2021
2021-02-09;South Korea;31.0;11.0;4.0;0.5;-4.0;-8.0;1;9;6;2;1;2021
2021-02-09;Thailand;6.0;-33.0;1.0;-10.0;-42.0;-10.0;1;9;6;2;1;2021
2021-02-10;South Korea;60.5;18.0;6.5;-0.5;-4.5;-15.5;2;10;6;2;1;2021
2021-02-10;Thailand;17.0;-28.0;-1.0;-4.0;-37.0;-8.0;2;10;6;2;1;2021
2021-02-11;South Korea;63.0;29.5;19.5;-21.5;-32.5;-74.0;3;11;6;2;1;2021
2021-02-11;Thailand;4.0;-27.0;0.0;-11.0;-40.0;-12.0;3;11;6;2;1;2021
2021-02-12;South Korea;-23.0;51.0;21.0;-51.5;-45.5;-83.0;4;12;6;2;1;2021
2021-02-12;Thailand;6.0;-18.0;6.0;-7.0;-48.0;-38.0;4;12;6;2;1;2021
2021-02-13;South Korea;-8.5;31.5;9.5;-29.5;-29.0;-51.5;5;13;6;2;1;2021
2021-02-13;Thailand;5.0;-26.0;1.0;-9.0;-44.0;-10.0;5;13;6;2;1;2021
2021-02-14;South Korea;-10.0;11.0;7.0;-19.5;-21.5;-18.5;6;14;6;2;1;2021
2021-02-14;Thailand;10.0;-18.0;-2.0;-1.0;-38.0;-8.0;6;14;6;2;1;2021
2021-02-15;South Korea;13.0;0.0;7.5;-6.5;-13.5;-10.5;0;15;7;2;1;2021
2021-02-15;Thailand;9.0;-28.0;-1.0;-7.0;-38.0;-7.0;0;15;7;2;1;2021
2021-02-16;South Korea;3.0;-12.0;5.5;-10.0;-12.0;-8.0;1;16;7;2;1;2021
2021-02-16;Thailand;8.0;-29.0;0.0;-9.0;-40.0;-8.0;1;16;7;2;1;2021
2021-02-17;South Korea;0.5;-21.0;7.5;-17.5;-18.5;-8.5;2;17;7;2;1;2021
2021-02-17;Thailand;7.0;-29.0;0.0;-8.0;-39.0;-7.0;2;17;7;2;1;2021
2021-02-18;South Korea;3.5;-11.5;6.5;-13.5;-17.0;-7.5;3;18;7;2;1;2021
2021-02-18;Thailand;17.0;-25.0;-3.0;-1.0;-35.0;-5.0;3;18;7;2;1;2021
2021-02-19;South Korea;10.0;4.0;6.5;-11.0;-12.0;-7.0;4;19;7;2;1;2021
2021-02-19;Thailand;22.0;-24.0;-1.0;0.0;-35.0;-4.0;4;19;7;2;1;2021
2021-02-20;South Korea;15.5;23.0;5.5;-10.0;-12.0;-6.0;5;20;7;2;1;2021
2021-02-20;Thailand;20.0;-26.0;-2.0;1.0;-36.0;3.0;5;20;7;2;1;2021
2021-02-21;South Korea;23.0;51.0;4.5;-5.5;-10.5;-10.0;6;21;7;2;1;2021
2021-02-21;Thailand;21.0;-17.0;-2.0;3.0;-36.0;-3.0;6;21;7;2;1;2021
2021-02-22;South Korea;18.0;33.0;4.5;-1.5;-6.5;-6.0;0;22;8;2;1;2021
2021-02-22;Thailand;18.0;-24.0;-2.0;0.0;-35.0;-4.0;0;22;8;2;1;2021
2021-02-23;South Korea;12.5;13.5;3.5;-2.0;-6.5;-6.5;1;23;8;2;1;2021
2021-02-23;Thailand;16.0;-23.0;-1.0;-1.0;-35.0;-5.0;1;23;8;2;1;2021
2021-02-24;South Korea;14.0;26.0;4.5;-6.5;-8.5;-7.5;2;24;8;2;1;2021
2021-02-24;Thailand;15.0;-23.0;-1.0;-1.0;-35.0;-4.0;2;24;8;2;1;2021
2021-02-25;South Korea;14.0;7.0;4.5;-8.5;-11.0;-6.5;3;25;8;2;1;2021
2021-02-25;Thailand;30.0;-16.0;-5.0;10.0;-26.0;-4.0;3;25;8;2;1;2021
2021-02-26;South Korea;14.5;20.5;5.5;-7.5;-8.5;-7.5;4;26;8;2;1;2021
2021-02-26;Thailand;32.0;-2.0;5.0;10.0;-39.0;-43.0;4;26;8;2;1;2021
2021-02-27;South Korea;17.5;29.0;3.0;-7.5;-7.0;-7.0;5;27;8;2;1;2021
2021-02-27;Thailand;23.0;-14.0;-2.0;5.0;-35.0;-6.0;5;27;8;2;1;2021
2021-02-28;South Korea;11.0;51.0;2.0;0.0;-3.0;-13.0;6;28;8;2;1;2021
2021-02-28;Thailand;26.0;-9.0;-4.0;7.0;-29.0;-3.0;6;28;8;2;1;2021
2021-03-01;South Korea;11.0;-33.0;23.5;-15.0;-40.5;-63.5;0;1;9;3;1;2021
2021-03-01;Thailand;23.0;-22.0;-3.0;3.0;-30.0;-3.0;0;1;9;3;1;2021
2021-03-02;South Korea;21.5;11.0;2.5;-1.0;-3.5;-5.0;1;2;9;3;1;2021
2021-03-02;Thailand;21.0;-22.0;-2.0;3.0;-31.0;-4.0;1;2;9;3;1;2021
2021-03-03;South Korea;22.0;27.0;3.0;-5.5;-6.5;-5.0;2;3;9;3;1;2021
2021-03-03;Thailand;15.0;-25.0;-1.0;1.0;-32.0;-4.0;2;3;9;3;1;2021
2021-03-04;South Korea;10.5;15.5;3.5;-8.5;-9.0;-4.5;3;4;9;3;1;2021
2021-03-04;Thailand;23.0;-20.0;-3.0;6.0;-28.0;-3.0;3;4;9;3;1;2021
2021-03-05;South Korea;15.5;25.0;3.5;-7.5;-5.5;-4.0;4;5;9;3;1;2021
2021-03-05;Thailand;23.0;-21.0;-2.0;4.0;-29.0;-4.0;4;5;9;3;1;2021
2021-03-06;South Korea;16.5;11.5;5.5;-8.0;-12.5;-6.0;5;6;9;3;1;2021
2021-03-06;Thailand;22.0;-21.0;-3.0;6.0;-29.0;3.0;5;6;9;3;1;2021
2021-03-07;South Korea;28.5;43.5;4.5;-2.0;-9.5;-8.5;6;7;9;3;1;2021
2021-03-07;Thailand;21.0;-12.0;-3.0;6.0;-30.0;-2.0;6;7;9;3;1;2021
2021-03-08;South Korea;21.5;42.5;3.0;-1.0;-3.0;-4.5;0;8;10;3;1;2021
2021-03-08;Thailand;16.0;-22.0;-2.0;1.0;-31.0;-3.0;0;8;10;3;1;2021
2021-03-09;South Korea;16.5;31.0;1.0;0.0;-1.5;-4.0;1;9;10;3;1;2021
2021-03-09;Thailand;15.0;-21.0;-2.0;0.0;-31.0;-4.0;1;9;10;3;1;2021
2021-03-10;South Korea;16.5;41.5;3.0;-4.5;-4.5;-4.0;2;10;10;3;1;2021
2021-03-10;Thailand;14.0;-22.0;-2.0;1.0;-31.0;-3.0;2;10;10;3;1;2021
2021-03-11;South Korea;13.5;26.0;3.0;-6.0;-7.0;-3.5;3;11;10;3;1;2021
2021-03-11;Thailand;21.0;-19.0;-3.0;5.0;-28.0;-2.0;3;11;10;3;1;2021
2021-03-12;South Korea;12.5;-1.5;4.5;-10.5;-8.5;-5.0;4;12;10;3;1;2021
2021-03-12;Thailand;21.0;-20.0;-2.0;3.0;-30.0;-2.0;4;12;10;3;1;2021
2021-03-13;South Korea;23.0;32.0;3.5;-5.0;-6.5;-6.0;5;13;10;3;1;2021
2021-03-13;Thailand;19.0;-21.0;-2.0;4.0;-30.0;3.0;5;13;10;3;1;2021
2021-03-14;South Korea;12.0;45.0;3.5;-1.0;-6.0;-9.0;6;14;10;3;1;2021
2021-03-14;Thailand;19.0;-12.0;-3.0;4.0;-31.0;0.0;6;14;10;3;1;2021
2021-03-15;South Korea;24.5;39.0;3.0;-1.0;-2.0;-3.0;0;15;11;3;1;2021
2021-03-15;Thailand;18.0;-20.0;-2.0;2.0;-30.0;-2.0;0;15;11;3;1;2021
2021-03-16;South Korea;17.5;27.0;1.0;1.0;-1.5;-3.0;1;16;11;3;1;2021
2021-03-16;Thailand;16.0;-21.0;-2.0;0.0;-31.0;-4.0;1;16;11;3;1;2021
2021-03-17;South Korea;19.5;41.0;2.0;-4.5;-4.0;-2.0;2;17;11;3;1;2021
2021-03-17;Thailand;15.0;-21.0;-1.0;1.0;-31.0;-3.0;2;17;11;3;1;2021
2021-03-18;South Korea;14.5;34.0;2.0;-6.0;-5.5;-1.5;3;18;11;3;1;2021
2021-03-18;Thailand;21.0;-19.0;-3.0;6.0;-28.0;-2.0;3;18;11;3;1;2021
2021-03-19;South Korea;19.0;37.0;2.0;-4.5;-2.5;-2.5;4;19;11;3;1;2021
2021-03-19;Thailand;21.0;-19.0;-2.0;3.0;-29.0;-2.0;4;19;11;3;1;2021
2021-03-20;South Korea;11.0;-22.0;7.0;-13.5;-16.5;-8.0;5;20;11;3;1;2021
2021-03-20;Thailand;20.0;-20.0;-3.0;5.0;-29.0;4.0;5;20;11;3;1;2021
2021-03-21;South Korea;26.5;20.0;4.0;-4.0;-9.5;-8.0;6;21;11;3;1;2021
2021-03-21;Thailand;20.0;-12.0;-3.0;4.0;-29.0;0.0;6;21;11;3;1;2021
2021-03-22;South Korea;22.0;38.5;2.5;-1.0;-2.5;-1.5;0;22;12;3;1;2021
2021-03-22;Thailand;22.0;-21.0;-2.0;4.0;-29.0;-3.0;0;22;12;3;1;2021
2021-03-23;South Korea;19.5;40.0;1.0;3.0;0.5;-1.5;1;23;12;3;1;2021
2021-03-23;Thailand;22.0;-19.0;-2.0;5.0;-28.0;-3.0;1;23;12;3;1;2021
2021-03-24;South Korea;17.0;49.0;2.0;-3.5;-3.0;-2.0;2;24;12;3;1;2021
2021-03-24;Thailand;18.0;-21.0;-2.0;5.0;-27.0;-2.0;2;24;12;3;1;2021
2021-03-25;South Korea;16.5;45.0;1.5;-3.5;-3.5;-1.0;3;25;12;3;1;2021
2021-03-25;Thailand;27.0;-16.0;-4.0;12.0;-23.0;-1.0;3;25;12;3;1;2021
2021-03-26;South Korea;19.0;40.5;2.0;-4.5;-1.5;-2.0;4;26;12;3;1;2021
2021-03-26;Thailand;27.0;-16.0;-2.0;9.0;-25.0;-5.0;4;26;12;3;1;2021
2021-03-27;South Korea;10.0;-17.0;5.5;-14.0;-14.0;-8.0;5;27;12;3;1;2021
2021-03-27;Thailand;26.0;-19.0;-4.0;9.0;-23.0;6.0;5;27;12;3;1;2021
2021-03-28;South Korea;6.5;13.5;5.0;-7.0;-12.5;-11.0;6;28;12;3;1;2021
2021-03-28;Thailand;29.0;-9.0;-5.0;12.0;-23.0;1.0;6;28;12;3;1;2021
2021-03-29;South Korea;24.0;33.0;2.5;-0.5;-2.0;-0.5;0;29;13;3;1;2021
2021-03-29;Thailand;28.0;-17.0;-3.0;11.0;-25.0;-5.0;0;29;13;3;1;2021
2021-03-30;South Korea;22.5;54.5;0.0;3.5;2.5;-0.5;1;30;13;3;1;2021
2021-03-30;Thailand;25.0;-18.0;-2.0;9.0;-25.0;-5.0;1;30;13;3;1;2021
2021-03-31;South Korea;24.0;77.5;1.0;0.5;-0.5;-1.0;2;31;13;3;1;2021
2021-03-31;Thailand;28.0;-17.0;-3.0;13.0;-23.0;-4.0;2;31;13;3;1;2021
2021-04-01;South Korea;18.5;65.0;1.0;-2.5;-3.0;-0.5;3;1;13;4;2;2021
2021-04-01;Thailand;22.0;-19.0;-2.0;8.0;-22.0;-5.0;3;1;13;4;2;2021
2021-04-02;South Korea;22.0;59.0;2.0;-4.0;-1.0;-1.5;4;2;13;4;2;2021
2021-04-02;Thailand;22.0;-18.0;-2.0;6.0;-24.0;-6.0;4;2;13;4;2;2021
