date;LEVEL3;ACTUAL;Europe_Business_confidence_index;Europe_Consumer_confidence_index;Germany_Business_confidence_index;Germany_Composite_leading_indicator;Germany_Consumer_confidence_index;Global_Business_confidence_index;Global_Consumer_confidence_index;month;quarter;year
2016-03-01;PF_A02;0;100.6;100.9;100.4;99.5;101.1;99.9;100.4;3;1;2016
2016-03-01;PF_A03;296;100.6;100.9;100.4;99.5;101.1;99.9;100.4;3;1;2016
2016-03-01;PF_A04;8;100.6;100.9;100.4;99.5;101.1;99.9;100.4;3;1;2016
2016-03-01;PF_B05;145;100.6;100.9;100.4;99.5;101.1;99.9;100.4;3;1;2016
2016-03-01;PF_B06;12;100.6;100.9;100.4;99.5;101.1;99.9;100.4;3;1;2016
2016-03-01;PF_N55;92;100.6;100.9;100.4;99.5;101.1;99.9;100.4;3;1;2016
2016-03-01;PF_O57;236;100.6;100.9;100.4;99.5;101.1;99.9;100.4;3;1;2016
2016-03-01;PF_O58;4909;100.6;100.9;100.4;99.5;101.1;99.9;100.4;3;1;2016
2016-03-01;PF_O59;60;100.6;100.9;100.4;99.5;101.1;99.9;100.4;3;1;2016
2016-03-01;PF_O60;87;100.6;100.9;100.4;99.5;101.1;99.9;100.4;3;1;2016
2016-04-01;PF_A02;2;100.5;100.8;100.5;99.5;101.2;100.0;100.4;4;2;2016
2016-04-01;PF_A03;269;100.5;100.8;100.5;99.5;101.2;100.0;100.4;4;2;2016
2016-04-01;PF_A04;4;100.5;100.8;100.5;99.5;101.2;100.0;100.4;4;2;2016
2016-04-01;PF_B05;142;100.5;100.8;100.5;99.5;101.2;100.0;100.4;4;2;2016
2016-04-01;PF_B06;14;100.5;100.8;100.5;99.5;101.2;100.0;100.4;4;2;2016
2016-04-01;PF_N55;79;100.5;100.8;100.5;99.5;101.2;100.0;100.4;4;2;2016
2016-04-01;PF_O57;240;100.5;100.8;100.5;99.5;101.2;100.0;100.4;4;2;2016
2016-04-01;PF_O58;5508;100.5;100.8;100.5;99.5;101.2;100.0;100.4;4;2;2016
2016-04-01;PF_O59;54;100.5;100.8;100.5;99.5;101.2;100.0;100.4;4;2;2016
2016-04-01;PF_O60;86;100.5;100.8;100.5;99.5;101.2;100.0;100.4;4;2;2016
2016-05-01;PF_A02;0;100.5;100.8;100.6;99.5;101.3;100.1;100.4;5;2;2016
2016-05-01;PF_A03;289;100.5;100.8;100.6;99.5;101.3;100.1;100.4;5;2;2016
2016-05-01;PF_A04;4;100.5;100.8;100.6;99.5;101.3;100.1;100.4;5;2;2016
2016-05-01;PF_B05;151;100.5;100.8;100.6;99.5;101.3;100.1;100.4;5;2;2016
2016-05-01;PF_B06;7;100.5;100.8;100.6;99.5;101.3;100.1;100.4;5;2;2016
2016-05-01;PF_N55;81;100.5;100.8;100.6;99.5;101.3;100.1;100.4;5;2;2016
2016-05-01;PF_O57;237;100.5;100.8;100.6;99.5;101.3;100.1;100.4;5;2;2016
2016-05-01;PF_O58;4694;100.5;100.8;100.6;99.5;101.3;100.1;100.4;5;2;2016
2016-05-01;PF_O59;113;100.5;100.8;100.6;99.5;101.3;100.1;100.4;5;2;2016
2016-05-01;PF_O60;89;100.5;100.8;100.6;99.5;101.3;100.1;100.4;5;2;2016
2016-06-01;PF_A02;0;100.5;100.8;100.7;99.5;101.4;100.1;100.4;6;2;2016
2016-06-01;PF_A03;250;100.5;100.8;100.7;99.5;101.4;100.1;100.4;6;2;2016
2016-06-01;PF_A04;0;100.5;100.8;100.7;99.5;101.4;100.1;100.4;6;2;2016
2016-06-01;PF_B05;145;100.5;100.8;100.7;99.5;101.4;100.1;100.4;6;2;2016
2016-06-01;PF_B06;7;100.5;100.8;100.7;99.5;101.4;100.1;100.4;6;2;2016
2016-06-01;PF_N55;106;100.5;100.8;100.7;99.5;101.4;100.1;100.4;6;2;2016
2016-06-01;PF_O57;242;100.5;100.8;100.7;99.5;101.4;100.1;100.4;6;2;2016
2016-06-01;PF_O58;4918;100.5;100.8;100.7;99.5;101.4;100.1;100.4;6;2;2016
2016-06-01;PF_O59;62;100.5;100.8;100.7;99.5;101.4;100.1;100.4;6;2;2016
2016-06-01;PF_O60;92;100.5;100.8;100.7;99.5;101.4;100.1;100.4;6;2;2016
2016-07-01;PF_A02;0;100.5;100.8;100.7;99.5;101.4;100.1;100.4;7;3;2016
2016-07-01;PF_A03;232;100.5;100.8;100.7;99.5;101.4;100.1;100.4;7;3;2016
2016-07-01;PF_A04;0;100.5;100.8;100.7;99.5;101.4;100.1;100.4;7;3;2016
2016-07-01;PF_B05;142;100.5;100.8;100.7;99.5;101.4;100.1;100.4;7;3;2016
2016-07-01;PF_B06;14;100.5;100.8;100.7;99.5;101.4;100.1;100.4;7;3;2016
2016-07-01;PF_N55;68;100.5;100.8;100.7;99.5;101.4;100.1;100.4;7;3;2016
2016-07-01;PF_O57;236;100.5;100.8;100.7;99.5;101.4;100.1;100.4;7;3;2016
2016-07-01;PF_O58;5452;100.5;100.8;100.7;99.5;101.4;100.1;100.4;7;3;2016
2016-07-01;PF_O59;80;100.5;100.8;100.7;99.5;101.4;100.1;100.4;7;3;2016
2016-07-01;PF_O60;93;100.5;100.8;100.7;99.5;101.4;100.1;100.4;7;3;2016
2016-08-01;PF_A02;11;100.6;100.8;100.7;99.6;101.3;100.0;100.3;8;3;2016
2016-08-01;PF_A03;209;100.6;100.8;100.7;99.6;101.3;100.0;100.3;8;3;2016
2016-08-01;PF_A04;0;100.6;100.8;100.7;99.6;101.3;100.0;100.3;8;3;2016
2016-08-01;PF_B05;139;100.6;100.8;100.7;99.6;101.3;100.0;100.3;8;3;2016
2016-08-01;PF_B06;33;100.6;100.8;100.7;99.6;101.3;100.0;100.3;8;3;2016
2016-08-01;PF_N55;96;100.6;100.8;100.7;99.6;101.3;100.0;100.3;8;3;2016
2016-08-01;PF_O57;237;100.6;100.8;100.7;99.6;101.3;100.0;100.3;8;3;2016
2016-08-01;PF_O58;5189;100.6;100.8;100.7;99.6;101.3;100.0;100.3;8;3;2016
2016-08-01;PF_O59;62;100.6;100.8;100.7;99.6;101.3;100.0;100.3;8;3;2016
2016-08-01;PF_O60;93;100.6;100.8;100.7;99.6;101.3;100.0;100.3;8;3;2016
2016-09-01;PF_A02;0;100.7;101.0;100.7;99.7;101.3;100.1;100.4;9;3;2016
2016-09-01;PF_A03;256;100.7;101.0;100.7;99.7;101.3;100.1;100.4;9;3;2016
2016-09-01;PF_A04;0;100.7;101.0;100.7;99.7;101.3;100.1;100.4;9;3;2016
2016-09-01;PF_B05;137;100.7;101.0;100.7;99.7;101.3;100.1;100.4;9;3;2016
2016-09-01;PF_B06;8;100.7;101.0;100.7;99.7;101.3;100.1;100.4;9;3;2016
2016-09-01;PF_N55;94;100.7;101.0;100.7;99.7;101.3;100.1;100.4;9;3;2016
2016-09-01;PF_O57;243;100.7;101.0;100.7;99.7;101.3;100.1;100.4;9;3;2016
2016-09-01;PF_O58;5187;100.7;101.0;100.7;99.7;101.3;100.1;100.4;9;3;2016
2016-09-01;PF_O59;61;100.7;101.0;100.7;99.7;101.3;100.1;100.4;9;3;2016
2016-09-01;PF_O60;96;100.7;101.0;100.7;99.7;101.3;100.1;100.4;9;3;2016
2016-10-01;PF_A02;0;100.9;101.2;100.8;99.8;101.3;100.2;100.4;10;4;2016
2016-10-01;PF_A03;286;100.9;101.2;100.8;99.8;101.3;100.2;100.4;10;4;2016
2016-10-01;PF_A04;0;100.9;101.2;100.8;99.8;101.3;100.2;100.4;10;4;2016
2016-10-01;PF_B05;137;100.9;101.2;100.8;99.8;101.3;100.2;100.4;10;4;2016
2016-10-01;PF_B06;9;100.9;101.2;100.8;99.8;101.3;100.2;100.4;10;4;2016
2016-10-01;PF_N55;85;100.9;101.2;100.8;99.8;101.3;100.2;100.4;10;4;2016
2016-10-01;PF_O57;232;100.9;101.2;100.8;99.8;101.3;100.2;100.4;10;4;2016
2016-10-01;PF_O58;4952;100.9;101.2;100.8;99.8;101.3;100.2;100.4;10;4;2016
2016-10-01;PF_O59;67;100.9;101.2;100.8;99.8;101.3;100.2;100.4;10;4;2016
2016-10-01;PF_O60;95;100.9;101.2;100.8;99.8;101.3;100.2;100.4;10;4;2016
2016-11-01;PF_A02;0;101.0;101.4;100.9;99.9;101.4;100.4;100.5;11;4;2016
2016-11-01;PF_A03;254;101.0;101.4;100.9;99.9;101.4;100.4;100.5;11;4;2016
2016-11-01;PF_A04;0;101.0;101.4;100.9;99.9;101.4;100.4;100.5;11;4;2016
2016-11-01;PF_B05;134;101.0;101.4;100.9;99.9;101.4;100.4;100.5;11;4;2016
2016-11-01;PF_B06;6;101.0;101.4;100.9;99.9;101.4;100.4;100.5;11;4;2016
2016-11-01;PF_N55;78;101.0;101.4;100.9;99.9;101.4;100.4;100.5;11;4;2016
2016-11-01;PF_O57;228;101.0;101.4;100.9;99.9;101.4;100.4;100.5;11;4;2016
2016-11-01;PF_O58;4875;101.0;101.4;100.9;99.9;101.4;100.4;100.5;11;4;2016
2016-11-01;PF_O59;63;101.0;101.4;100.9;99.9;101.4;100.4;100.5;11;4;2016
2016-11-01;PF_O60;93;101.0;101.4;100.9;99.9;101.4;100.4;100.5;11;4;2016
2016-12-01;PF_A02;0;101.2;101.5;101.1;100.1;101.4;100.5;100.5;12;4;2016
2016-12-01;PF_A03;303;101.2;101.5;101.1;100.1;101.4;100.5;100.5;12;4;2016
2016-12-01;PF_A04;4;101.2;101.5;101.1;100.1;101.4;100.5;100.5;12;4;2016
2016-12-01;PF_B05;127;101.2;101.5;101.1;100.1;101.4;100.5;100.5;12;4;2016
2016-12-01;PF_B06;9;101.2;101.5;101.1;100.1;101.4;100.5;100.5;12;4;2016
2016-12-01;PF_N55;57;101.2;101.5;101.1;100.1;101.4;100.5;100.5;12;4;2016
2016-12-01;PF_O57;214;101.2;101.5;101.1;100.1;101.4;100.5;100.5;12;4;2016
2016-12-01;PF_O58;3996;101.2;101.5;101.1;100.1;101.4;100.5;100.5;12;4;2016
2016-12-01;PF_O59;102;101.2;101.5;101.1;100.1;101.4;100.5;100.5;12;4;2016
2016-12-01;PF_O60;88;101.2;101.5;101.1;100.1;101.4;100.5;100.5;12;4;2016
2017-01-01;PF_A02;0;101.4;101.5;101.2;100.2;101.4;100.6;100.5;1;1;2017
2017-01-01;PF_A03;287;101.4;101.5;101.2;100.2;101.4;100.6;100.5;1;1;2017
2017-01-01;PF_A04;0;101.4;101.5;101.2;100.2;101.4;100.6;100.5;1;1;2017
2017-01-01;PF_B05;137;101.4;101.5;101.2;100.2;101.4;100.6;100.5;1;1;2017
2017-01-01;PF_B06;15;101.4;101.5;101.2;100.2;101.4;100.6;100.5;1;1;2017
2017-01-01;PF_N55;87;101.4;101.5;101.2;100.2;101.4;100.6;100.5;1;1;2017
2017-01-01;PF_O57;251;101.4;101.5;101.2;100.2;101.4;100.6;100.5;1;1;2017
2017-01-01;PF_O58;4801;101.4;101.5;101.2;100.2;101.4;100.6;100.5;1;1;2017
2017-01-01;PF_O59;74;101.4;101.5;101.2;100.2;101.4;100.6;100.5;1;1;2017
2017-01-01;PF_O60;93;101.4;101.5;101.2;100.2;101.4;100.6;100.5;1;1;2017
2017-02-01;PF_A02;2;101.5;101.5;101.3;100.4;101.4;100.8;100.5;2;1;2017
2017-02-01;PF_A03;315;101.5;101.5;101.3;100.4;101.4;100.8;100.5;2;1;2017
2017-02-01;PF_A04;0;101.5;101.5;101.3;100.4;101.4;100.8;100.5;2;1;2017
2017-02-01;PF_B05;109;101.5;101.5;101.3;100.4;101.4;100.8;100.5;2;1;2017
2017-02-01;PF_B06;59;101.5;101.5;101.3;100.4;101.4;100.8;100.5;2;1;2017
2017-02-01;PF_N55;76;101.5;101.5;101.3;100.4;101.4;100.8;100.5;2;1;2017
2017-02-01;PF_O57;222;101.5;101.5;101.3;100.4;101.4;100.8;100.5;2;1;2017
2017-02-01;PF_O58;5419;101.5;101.5;101.3;100.4;101.4;100.8;100.5;2;1;2017
2017-02-01;PF_O59;53;101.5;101.5;101.3;100.4;101.4;100.8;100.5;2;1;2017
2017-02-01;PF_O60;94;101.5;101.5;101.3;100.4;101.4;100.8;100.5;2;1;2017
2017-03-01;PF_A02;0;101.6;101.5;101.5;100.6;101.5;100.8;100.7;3;1;2017
2017-03-01;PF_A03;215;101.6;101.5;101.5;100.6;101.5;100.8;100.7;3;1;2017
2017-03-01;PF_A04;0;101.6;101.5;101.5;100.6;101.5;100.8;100.7;3;1;2017
2017-03-01;PF_B05;130;101.6;101.5;101.5;100.6;101.5;100.8;100.7;3;1;2017
2017-03-01;PF_B06;13;101.6;101.5;101.5;100.6;101.5;100.8;100.7;3;1;2017
2017-03-01;PF_N55;96;101.6;101.5;101.5;100.6;101.5;100.8;100.7;3;1;2017
2017-03-01;PF_O57;224;101.6;101.5;101.5;100.6;101.5;100.8;100.7;3;1;2017
2017-03-01;PF_O58;5421;101.6;101.5;101.5;100.6;101.5;100.8;100.7;3;1;2017
2017-03-01;PF_O59;70;101.6;101.5;101.5;100.6;101.5;100.8;100.7;3;1;2017
2017-03-01;PF_O60;95;101.6;101.5;101.5;100.6;101.5;100.8;100.7;3;1;2017
2017-04-01;PF_A02;0;101.8;101.6;101.7;100.8;101.6;100.8;100.8;4;2;2017
2017-04-01;PF_A03;275;101.8;101.6;101.7;100.8;101.6;100.8;100.8;4;2;2017
2017-04-01;PF_A04;12;101.8;101.6;101.7;100.8;101.6;100.8;100.8;4;2;2017
2017-04-01;PF_B05;137;101.8;101.6;101.7;100.8;101.6;100.8;100.8;4;2;2017
2017-04-01;PF_B06;10;101.8;101.6;101.7;100.8;101.6;100.8;100.8;4;2;2017
2017-04-01;PF_N55;78;101.8;101.6;101.7;100.8;101.6;100.8;100.8;4;2;2017
2017-04-01;PF_O57;235;101.8;101.6;101.7;100.8;101.6;100.8;100.8;4;2;2017
2017-04-01;PF_O58;5880;101.8;101.6;101.7;100.8;101.6;100.8;100.8;4;2;2017
2017-04-01;PF_O59;66;101.8;101.6;101.7;100.8;101.6;100.8;100.8;4;2;2017
2017-04-01;PF_O60;94;101.8;101.6;101.7;100.8;101.6;100.8;100.8;4;2;2017
2017-05-01;PF_A02;0;101.9;101.7;101.9;100.9;101.8;100.9;100.8;5;2;2017
2017-05-01;PF_A03;281;101.9;101.7;101.9;100.9;101.8;100.9;100.8;5;2;2017
2017-05-01;PF_A04;0;101.9;101.7;101.9;100.9;101.8;100.9;100.8;5;2;2017
2017-05-01;PF_B05;119;101.9;101.7;101.9;100.9;101.8;100.9;100.8;5;2;2017
2017-05-01;PF_B06;10;101.9;101.7;101.9;100.9;101.8;100.9;100.8;5;2;2017
2017-05-01;PF_N55;91;101.9;101.7;101.9;100.9;101.8;100.9;100.8;5;2;2017
2017-05-01;PF_O57;253;101.9;101.7;101.9;100.9;101.8;100.9;100.8;5;2;2017
2017-05-01;PF_O58;5373;101.9;101.7;101.9;100.9;101.8;100.9;100.8;5;2;2017
2017-05-01;PF_O59;67;101.9;101.7;101.9;100.9;101.8;100.9;100.8;5;2;2017
2017-05-01;PF_O60;96;101.9;101.7;101.9;100.9;101.8;100.9;100.8;5;2;2017
2017-06-01;PF_A02;3;102.0;101.8;102.0;101.1;101.9;101.0;100.9;6;2;2017
2017-06-01;PF_A03;246;102.0;101.8;102.0;101.1;101.9;101.0;100.9;6;2;2017
2017-06-01;PF_A04;0;102.0;101.8;102.0;101.1;101.9;101.0;100.9;6;2;2017
2017-06-01;PF_B05;149;102.0;101.8;102.0;101.1;101.9;101.0;100.9;6;2;2017
2017-06-01;PF_B06;10;102.0;101.8;102.0;101.1;101.9;101.0;100.9;6;2;2017
2017-06-01;PF_N55;94;102.0;101.8;102.0;101.1;101.9;101.0;100.9;6;2;2017
2017-06-01;PF_O57;246;102.0;101.8;102.0;101.1;101.9;101.0;100.9;6;2;2017
2017-06-01;PF_O58;5476;102.0;101.8;102.0;101.1;101.9;101.0;100.9;6;2;2017
2017-06-01;PF_O59;70;102.0;101.8;102.0;101.1;101.9;101.0;100.9;6;2;2017
2017-06-01;PF_O60;95;102.0;101.8;102.0;101.1;101.9;101.0;100.9;6;2;2017
2017-07-01;PF_A02;0;102.2;102.0;102.1;101.2;101.9;101.2;100.9;7;3;2017
2017-07-01;PF_A03;286;102.2;102.0;102.1;101.2;101.9;101.2;100.9;7;3;2017
2017-07-01;PF_A04;0;102.2;102.0;102.1;101.2;101.9;101.2;100.9;7;3;2017
2017-07-01;PF_B05;139;102.2;102.0;102.1;101.2;101.9;101.2;100.9;7;3;2017
2017-07-01;PF_B06;10;102.2;102.0;102.1;101.2;101.9;101.2;100.9;7;3;2017
2017-07-01;PF_N55;86;102.2;102.0;102.1;101.2;101.9;101.2;100.9;7;3;2017
2017-07-01;PF_O57;249;102.2;102.0;102.1;101.2;101.9;101.2;100.9;7;3;2017
2017-07-01;PF_O58;5962;102.2;102.0;102.1;101.2;101.9;101.2;100.9;7;3;2017
2017-07-01;PF_O59;70;102.2;102.0;102.1;101.2;101.9;101.2;100.9;7;3;2017
2017-07-01;PF_O60;95;102.2;102.0;102.1;101.2;101.9;101.2;100.9;7;3;2017
2017-08-01;PF_A02;0;102.3;102.2;102.2;101.3;101.9;101.3;101.0;8;3;2017
2017-08-01;PF_A03;257;102.3;102.2;102.2;101.3;101.9;101.3;101.0;8;3;2017
2017-08-01;PF_A04;0;102.3;102.2;102.2;101.3;101.9;101.3;101.0;8;3;2017
2017-08-01;PF_B05;132;102.3;102.2;102.2;101.3;101.9;101.3;101.0;8;3;2017
2017-08-01;PF_B06;10;102.3;102.2;102.2;101.3;101.9;101.3;101.0;8;3;2017
2017-08-01;PF_N55;95;102.3;102.2;102.2;101.3;101.9;101.3;101.0;8;3;2017
2017-08-01;PF_O57;246;102.3;102.2;102.2;101.3;101.9;101.3;101.0;8;3;2017
2017-08-01;PF_O58;5598;102.3;102.2;102.2;101.3;101.9;101.3;101.0;8;3;2017
2017-08-01;PF_O59;65;102.3;102.2;102.2;101.3;101.9;101.3;101.0;8;3;2017
2017-08-01;PF_O60;93;102.3;102.2;102.2;101.3;101.9;101.3;101.0;8;3;2017
2017-09-01;PF_A02;0;102.5;102.3;102.3;101.4;101.8;101.4;101.0;9;3;2017
2017-09-01;PF_A03;275;102.5;102.3;102.3;101.4;101.8;101.4;101.0;9;3;2017
2017-09-01;PF_A04;0;102.5;102.3;102.3;101.4;101.8;101.4;101.0;9;3;2017
2017-09-01;PF_B05;127;102.5;102.3;102.3;101.4;101.8;101.4;101.0;9;3;2017
2017-09-01;PF_B06;17;102.5;102.3;102.3;101.4;101.8;101.4;101.0;9;3;2017
2017-09-01;PF_N55;104;102.5;102.3;102.3;101.4;101.8;101.4;101.0;9;3;2017
2017-09-01;PF_O57;246;102.5;102.3;102.3;101.4;101.8;101.4;101.0;9;3;2017
2017-09-01;PF_O58;5524;102.5;102.3;102.3;101.4;101.8;101.4;101.0;9;3;2017
2017-09-01;PF_O59;58;102.5;102.3;102.3;101.4;101.8;101.4;101.0;9;3;2017
2017-09-01;PF_O60;93;102.5;102.3;102.3;101.4;101.8;101.4;101.0;9;3;2017
2017-10-01;PF_A02;10;102.7;102.5;102.4;101.5;101.9;101.5;101.1;10;4;2017
2017-10-01;PF_A03;283;102.7;102.5;102.4;101.5;101.9;101.5;101.1;10;4;2017
2017-10-01;PF_A04;0;102.7;102.5;102.4;101.5;101.9;101.5;101.1;10;4;2017
2017-10-01;PF_B05;103;102.7;102.5;102.4;101.5;101.9;101.5;101.1;10;4;2017
2017-10-01;PF_B06;10;102.7;102.5;102.4;101.5;101.9;101.5;101.1;10;4;2017
2017-10-01;PF_N55;96;102.7;102.5;102.4;101.5;101.9;101.5;101.1;10;4;2017
2017-10-01;PF_O57;246;102.7;102.5;102.4;101.5;101.9;101.5;101.1;10;4;2017
2017-10-01;PF_O58;5715;102.7;102.5;102.4;101.5;101.9;101.5;101.1;10;4;2017
2017-10-01;PF_O59;60;102.7;102.5;102.4;101.5;101.9;101.5;101.1;10;4;2017
2017-10-01;PF_O60;94;102.7;102.5;102.4;101.5;101.9;101.5;101.1;10;4;2017
2017-11-01;PF_A02;0;102.8;102.7;102.5;101.5;101.9;101.5;101.1;11;4;2017
2017-11-01;PF_A03;275;102.8;102.7;102.5;101.5;101.9;101.5;101.1;11;4;2017
2017-11-01;PF_A04;0;102.8;102.7;102.5;101.5;101.9;101.5;101.1;11;4;2017
2017-11-01;PF_B05;127;102.8;102.7;102.5;101.5;101.9;101.5;101.1;11;4;2017
2017-11-01;PF_B06;8;102.8;102.7;102.5;101.5;101.9;101.5;101.1;11;4;2017
2017-11-01;PF_N55;94;102.8;102.7;102.5;101.5;101.9;101.5;101.1;11;4;2017
2017-11-01;PF_O57;241;102.8;102.7;102.5;101.5;101.9;101.5;101.1;11;4;2017
2017-11-01;PF_O58;5444;102.8;102.7;102.5;101.5;101.9;101.5;101.1;11;4;2017
2017-11-01;PF_O59;55;102.8;102.7;102.5;101.5;101.9;101.5;101.1;11;4;2017
2017-11-01;PF_O60;94;102.8;102.7;102.5;101.5;101.9;101.5;101.1;11;4;2017
2017-12-01;PF_A02;2;102.8;102.7;102.5;101.5;102.0;101.5;101.1;12;4;2017
2017-12-01;PF_A03;265;102.8;102.7;102.5;101.5;102.0;101.5;101.1;12;4;2017
2017-12-01;PF_A04;8;102.8;102.7;102.5;101.5;102.0;101.5;101.1;12;4;2017
2017-12-01;PF_B05;155;102.8;102.7;102.5;101.5;102.0;101.5;101.1;12;4;2017
2017-12-01;PF_B06;10;102.8;102.7;102.5;101.5;102.0;101.5;101.1;12;4;2017
2017-12-01;PF_N55;78;102.8;102.7;102.5;101.5;102.0;101.5;101.1;12;4;2017
2017-12-01;PF_O57;226;102.8;102.7;102.5;101.5;102.0;101.5;101.1;12;4;2017
2017-12-01;PF_O58;4228;102.8;102.7;102.5;101.5;102.0;101.5;101.1;12;4;2017
2017-12-01;PF_O59;58;102.8;102.7;102.5;101.5;102.0;101.5;101.1;12;4;2017
2017-12-01;PF_O60;89;102.8;102.7;102.5;101.5;102.0;101.5;101.1;12;4;2017
2018-01-01;PF_A02;2;102.8;102.7;102.5;101.5;102.0;101.5;101.1;1;1;2018
2018-01-01;PF_A03;316;102.8;102.7;102.5;101.5;102.0;101.5;101.1;1;1;2018
2018-01-01;PF_A04;0;102.8;102.7;102.5;101.5;102.0;101.5;101.1;1;1;2018
2018-01-01;PF_B05;121;102.8;102.7;102.5;101.5;102.0;101.5;101.1;1;1;2018
2018-01-01;PF_B06;16;102.8;102.7;102.5;101.5;102.0;101.5;101.1;1;1;2018
2018-01-01;PF_N55;98;102.8;102.7;102.5;101.5;102.0;101.5;101.1;1;1;2018
2018-01-01;PF_O57;260;102.8;102.7;102.5;101.5;102.0;101.5;101.1;1;1;2018
2018-01-01;PF_O58;5394;102.8;102.7;102.5;101.5;102.0;101.5;101.1;1;1;2018
2018-01-01;PF_O59;81;102.8;102.7;102.5;101.5;102.0;101.5;101.1;1;1;2018
2018-01-01;PF_O60;91;102.8;102.7;102.5;101.5;102.0;101.5;101.1;1;1;2018
2018-02-01;PF_A02;17;102.7;102.5;102.4;101.4;102.0;101.5;101.1;2;1;2018
2018-02-01;PF_A03;311;102.7;102.5;102.4;101.4;102.0;101.5;101.1;2;1;2018
2018-02-01;PF_A04;0;102.7;102.5;102.4;101.4;102.0;101.5;101.1;2;1;2018
2018-02-01;PF_B05;129;102.7;102.5;102.4;101.4;102.0;101.5;101.1;2;1;2018
2018-02-01;PF_B06;12;102.7;102.5;102.4;101.4;102.0;101.5;101.1;2;1;2018
2018-02-01;PF_N55;82;102.7;102.5;102.4;101.4;102.0;101.5;101.1;2;1;2018
2018-02-01;PF_O57;238;102.7;102.5;102.4;101.4;102.0;101.5;101.1;2;1;2018
2018-02-01;PF_O58;5564;102.7;102.5;102.4;101.4;102.0;101.5;101.1;2;1;2018
2018-02-01;PF_O59;53;102.7;102.5;102.4;101.4;102.0;101.5;101.1;2;1;2018
2018-02-01;PF_O60;94;102.7;102.5;102.4;101.4;102.0;101.5;101.1;2;1;2018
2018-03-01;PF_A02;0;102.5;102.3;102.3;101.3;102.0;101.4;101.2;3;1;2018
2018-03-01;PF_A03;266;102.5;102.3;102.3;101.3;102.0;101.4;101.2;3;1;2018
2018-03-01;PF_A04;8;102.5;102.3;102.3;101.3;102.0;101.4;101.2;3;1;2018
2018-03-01;PF_B05;128;102.5;102.3;102.3;101.3;102.0;101.4;101.2;3;1;2018
2018-03-01;PF_B06;29;102.5;102.3;102.3;101.3;102.0;101.4;101.2;3;1;2018
2018-03-01;PF_N55;96;102.5;102.3;102.3;101.3;102.0;101.4;101.2;3;1;2018
2018-03-01;PF_O57;186;102.5;102.3;102.3;101.3;102.0;101.4;101.2;3;1;2018
2018-03-01;PF_O58;5378;102.5;102.3;102.3;101.3;102.0;101.4;101.2;3;1;2018
2018-03-01;PF_O59;67;102.5;102.3;102.3;101.3;102.0;101.4;101.2;3;1;2018
2018-03-01;PF_O60;95;102.5;102.3;102.3;101.3;102.0;101.4;101.2;3;1;2018
2018-04-01;PF_A02;0;102.5;102.1;102.3;101.2;101.9;101.4;101.1;4;2;2018
2018-04-01;PF_A03;278;102.5;102.1;102.3;101.2;101.9;101.4;101.1;4;2;2018
2018-04-01;PF_A04;16;102.5;102.1;102.3;101.2;101.9;101.4;101.1;4;2;2018
2018-04-01;PF_B05;165;102.5;102.1;102.3;101.2;101.9;101.4;101.1;4;2;2018
2018-04-01;PF_B06;10;102.5;102.1;102.3;101.2;101.9;101.4;101.1;4;2;2018
2018-04-01;PF_N55;87;102.5;102.1;102.3;101.2;101.9;101.4;101.1;4;2;2018
2018-04-01;PF_O57;253;102.5;102.1;102.3;101.2;101.9;101.4;101.1;4;2;2018
2018-04-01;PF_O58;6059;102.5;102.1;102.3;101.2;101.9;101.4;101.1;4;2;2018
2018-04-01;PF_O59;55;102.5;102.1;102.3;101.2;101.9;101.4;101.1;4;2;2018
2018-04-01;PF_O60;91;102.5;102.1;102.3;101.2;101.9;101.4;101.1;4;2;2018
2018-05-01;PF_A02;2;102.4;102.0;102.2;101.1;101.8;101.4;101.1;5;2;2018
2018-05-01;PF_A03;292;102.4;102.0;102.2;101.1;101.8;101.4;101.1;5;2;2018
2018-05-01;PF_A04;0;102.4;102.0;102.2;101.1;101.8;101.4;101.1;5;2;2018
2018-05-01;PF_B05;125;102.4;102.0;102.2;101.1;101.8;101.4;101.1;5;2;2018
2018-05-01;PF_B06;14;102.4;102.0;102.2;101.1;101.8;101.4;101.1;5;2;2018
2018-05-01;PF_N55;89;102.4;102.0;102.2;101.1;101.8;101.4;101.1;5;2;2018
2018-05-01;PF_O57;256;102.4;102.0;102.2;101.1;101.8;101.4;101.1;5;2;2018
2018-05-01;PF_O58;5371;102.4;102.0;102.2;101.1;101.8;101.4;101.1;5;2;2018
2018-05-01;PF_O59;59;102.4;102.0;102.2;101.1;101.8;101.4;101.1;5;2;2018
2018-05-01;PF_O60;90;102.4;102.0;102.2;101.1;101.8;101.4;101.1;5;2;2018
2018-06-01;PF_A02;10;102.3;101.9;102.2;101.0;101.7;101.4;101.2;6;2;2018
2018-06-01;PF_A03;280;102.3;101.9;102.2;101.0;101.7;101.4;101.2;6;2;2018
2018-06-01;PF_A04;0;102.3;101.9;102.2;101.0;101.7;101.4;101.2;6;2;2018
2018-06-01;PF_B05;162;102.3;101.9;102.2;101.0;101.7;101.4;101.2;6;2;2018
2018-06-01;PF_B06;10;102.3;101.9;102.2;101.0;101.7;101.4;101.2;6;2;2018
2018-06-01;PF_N55;120;102.3;101.9;102.2;101.0;101.7;101.4;101.2;6;2;2018
2018-06-01;PF_O57;248;102.3;101.9;102.2;101.0;101.7;101.4;101.2;6;2;2018
2018-06-01;PF_O58;5673;102.3;101.9;102.2;101.0;101.7;101.4;101.2;6;2;2018
2018-06-01;PF_O59;98;102.3;101.9;102.2;101.0;101.7;101.4;101.2;6;2;2018
2018-06-01;PF_O60;88;102.3;101.9;102.2;101.0;101.7;101.4;101.2;6;2;2018
2018-07-01;PF_A02;27;102.2;101.9;102.1;100.9;101.6;101.3;101.2;7;3;2018
2018-07-01;PF_A03;274;102.2;101.9;102.1;100.9;101.6;101.3;101.2;7;3;2018
2018-07-01;PF_A04;0;102.2;101.9;102.1;100.9;101.6;101.3;101.2;7;3;2018
2018-07-01;PF_B05;136;102.2;101.9;102.1;100.9;101.6;101.3;101.2;7;3;2018
2018-07-01;PF_B06;10;102.2;101.9;102.1;100.9;101.6;101.3;101.2;7;3;2018
2018-07-01;PF_N55;89;102.2;101.9;102.1;100.9;101.6;101.3;101.2;7;3;2018
2018-07-01;PF_O57;245;102.2;101.9;102.1;100.9;101.6;101.3;101.2;7;3;2018
2018-07-01;PF_O58;6141;102.2;101.9;102.1;100.9;101.6;101.3;101.2;7;3;2018
2018-07-01;PF_O59;58;102.2;101.9;102.1;100.9;101.6;101.3;101.2;7;3;2018
2018-07-01;PF_O60;87;102.2;101.9;102.1;100.9;101.6;101.3;101.2;7;3;2018
2018-08-01;PF_A02;0;102.1;101.8;102.0;100.8;101.6;101.3;101.1;8;3;2018
2018-08-01;PF_A03;266;102.1;101.8;102.0;100.8;101.6;101.3;101.1;8;3;2018
2018-08-01;PF_A04;0;102.1;101.8;102.0;100.8;101.6;101.3;101.1;8;3;2018
2018-08-01;PF_B05;138;102.1;101.8;102.0;100.8;101.6;101.3;101.1;8;3;2018
2018-08-01;PF_B06;18;102.1;101.8;102.0;100.8;101.6;101.3;101.1;8;3;2018
2018-08-01;PF_N55;99;102.1;101.8;102.0;100.8;101.6;101.3;101.1;8;3;2018
2018-08-01;PF_O57;231;102.1;101.8;102.0;100.8;101.6;101.3;101.1;8;3;2018
2018-08-01;PF_O58;5752;102.1;101.8;102.0;100.8;101.6;101.3;101.1;8;3;2018
2018-08-01;PF_O59;60;102.1;101.8;102.0;100.8;101.6;101.3;101.1;8;3;2018
2018-08-01;PF_O60;86;102.1;101.8;102.0;100.8;101.6;101.3;101.1;8;3;2018
2018-09-01;PF_A02;19;102.0;101.8;101.9;100.7;101.6;101.1;101.1;9;3;2018
2018-09-01;PF_A03;248;102.0;101.8;101.9;100.7;101.6;101.1;101.1;9;3;2018
2018-09-01;PF_A04;0;102.0;101.8;101.9;100.7;101.6;101.1;101.1;9;3;2018
2018-09-01;PF_B05;154;102.0;101.8;101.9;100.7;101.6;101.1;101.1;9;3;2018
2018-09-01;PF_B06;10;102.0;101.8;101.9;100.7;101.6;101.1;101.1;9;3;2018
2018-09-01;PF_N55;106;102.0;101.8;101.9;100.7;101.6;101.1;101.1;9;3;2018
2018-09-01;PF_O57;241;102.0;101.8;101.9;100.7;101.6;101.1;101.1;9;3;2018
2018-09-01;PF_O58;5745;102.0;101.8;101.9;100.7;101.6;101.1;101.1;9;3;2018
2018-09-01;PF_O59;64;102.0;101.8;101.9;100.7;101.6;101.1;101.1;9;3;2018
2018-09-01;PF_O60;86;102.0;101.8;101.9;100.7;101.6;101.1;101.1;9;3;2018
2018-10-01;PF_A02;0;101.9;101.8;101.7;100.5;101.6;101.0;101.0;10;4;2018
2018-10-01;PF_A03;320;101.9;101.8;101.7;100.5;101.6;101.0;101.0;10;4;2018
2018-10-01;PF_A04;0;101.9;101.8;101.7;100.5;101.6;101.0;101.0;10;4;2018
2018-10-01;PF_B05;141;101.9;101.8;101.7;100.5;101.6;101.0;101.0;10;4;2018
2018-10-01;PF_B06;17;101.9;101.8;101.7;100.5;101.6;101.0;101.0;10;4;2018
2018-10-01;PF_N55;94;101.9;101.8;101.7;100.5;101.6;101.0;101.0;10;4;2018
2018-10-01;PF_O57;237;101.9;101.8;101.7;100.5;101.6;101.0;101.0;10;4;2018
2018-10-01;PF_O58;5690;101.9;101.8;101.7;100.5;101.6;101.0;101.0;10;4;2018
2018-10-01;PF_O59;68;101.9;101.8;101.7;100.5;101.6;101.0;101.0;10;4;2018
2018-10-01;PF_O60;88;101.9;101.8;101.7;100.5;101.6;101.0;101.0;10;4;2018
2018-11-01;PF_A02;10;101.8;101.7;101.5;100.4;101.5;100.9;100.9;11;4;2018
2018-11-01;PF_A03;268;101.8;101.7;101.5;100.4;101.5;100.9;100.9;11;4;2018
2018-11-01;PF_A04;0;101.8;101.7;101.5;100.4;101.5;100.9;100.9;11;4;2018
2018-11-01;PF_B05;135;101.8;101.7;101.5;100.4;101.5;100.9;100.9;11;4;2018
2018-11-01;PF_B06;8;101.8;101.7;101.5;100.4;101.5;100.9;100.9;11;4;2018
2018-11-01;PF_N55;110;101.8;101.7;101.5;100.4;101.5;100.9;100.9;11;4;2018
2018-11-01;PF_O57;228;101.8;101.7;101.5;100.4;101.5;100.9;100.9;11;4;2018
2018-11-01;PF_O58;5481;101.8;101.7;101.5;100.4;101.5;100.9;100.9;11;4;2018
2018-11-01;PF_O59;59;101.8;101.7;101.5;100.4;101.5;100.9;100.9;11;4;2018
2018-11-01;PF_O60;87;101.8;101.7;101.5;100.4;101.5;100.9;100.9;11;4;2018
2018-12-01;PF_A02;10;101.5;101.5;101.3;100.2;101.5;100.7;100.8;12;4;2018
2018-12-01;PF_A03;304;101.5;101.5;101.3;100.2;101.5;100.7;100.8;12;4;2018
2018-12-01;PF_A04;0;101.5;101.5;101.3;100.2;101.5;100.7;100.8;12;4;2018
2018-12-01;PF_B05;153;101.5;101.5;101.3;100.2;101.5;100.7;100.8;12;4;2018
2018-12-01;PF_B06;15;101.5;101.5;101.3;100.2;101.5;100.7;100.8;12;4;2018
2018-12-01;PF_N55;74;101.5;101.5;101.3;100.2;101.5;100.7;100.8;12;4;2018
2018-12-01;PF_O57;210;101.5;101.5;101.3;100.2;101.5;100.7;100.8;12;4;2018
2018-12-01;PF_O58;4710;101.5;101.5;101.3;100.2;101.5;100.7;100.8;12;4;2018
2018-12-01;PF_O59;52;101.5;101.5;101.3;100.2;101.5;100.7;100.8;12;4;2018
2018-12-01;PF_O60;82;101.5;101.5;101.3;100.2;101.5;100.7;100.8;12;4;2018
2019-01-01;PF_A02;3;101.2;101.5;101.1;100.0;101.5;100.6;100.8;1;1;2019
2019-01-01;PF_A03;303;101.2;101.5;101.1;100.0;101.5;100.6;100.8;1;1;2019
2019-01-01;PF_A04;8;101.2;101.5;101.1;100.0;101.5;100.6;100.8;1;1;2019
2019-01-01;PF_B05;152;101.2;101.5;101.1;100.0;101.5;100.6;100.8;1;1;2019
2019-01-01;PF_B06;11;101.2;101.5;101.1;100.0;101.5;100.6;100.8;1;1;2019
2019-01-01;PF_N55;113;101.2;101.5;101.1;100.0;101.5;100.6;100.8;1;1;2019
2019-01-01;PF_O57;251;101.2;101.5;101.1;100.0;101.5;100.6;100.8;1;1;2019
2019-01-01;PF_O58;5219;101.2;101.5;101.1;100.0;101.5;100.6;100.8;1;1;2019
2019-01-01;PF_O59;77;101.2;101.5;101.1;100.0;101.5;100.6;100.8;1;1;2019
2019-01-01;PF_O60;89;101.2;101.5;101.1;100.0;101.5;100.6;100.8;1;1;2019
2019-02-01;PF_A02;8;101.0;101.5;100.9;99.7;101.5;100.5;100.8;2;1;2019
2019-02-01;PF_A03;325;101.0;101.5;100.9;99.7;101.5;100.5;100.8;2;1;2019
2019-02-01;PF_A04;0;101.0;101.5;100.9;99.7;101.5;100.5;100.8;2;1;2019
2019-02-01;PF_B05;158;101.0;101.5;100.9;99.7;101.5;100.5;100.8;2;1;2019
2019-02-01;PF_B06;21;101.0;101.5;100.9;99.7;101.5;100.5;100.8;2;1;2019
2019-02-01;PF_N55;94;101.0;101.5;100.9;99.7;101.5;100.5;100.8;2;1;2019
2019-02-01;PF_O57;214;101.0;101.5;100.9;99.7;101.5;100.5;100.8;2;1;2019
2019-02-01;PF_O58;5737;101.0;101.5;100.9;99.7;101.5;100.5;100.8;2;1;2019
2019-02-01;PF_O59;24;101.0;101.5;100.9;99.7;101.5;100.5;100.8;2;1;2019
2019-02-01;PF_O60;92;101.0;101.5;100.9;99.7;101.5;100.5;100.8;2;1;2019
2019-03-01;PF_A02;26;100.7;101.5;100.6;99.5;101.5;100.4;100.9;3;1;2019
2019-03-01;PF_A03;345;100.7;101.5;100.6;99.5;101.5;100.4;100.9;3;1;2019
2019-03-01;PF_A04;16;100.7;101.5;100.6;99.5;101.5;100.4;100.9;3;1;2019
2019-03-01;PF_B05;164;100.7;101.5;100.6;99.5;101.5;100.4;100.9;3;1;2019
2019-03-01;PF_B06;9;100.7;101.5;100.6;99.5;101.5;100.4;100.9;3;1;2019
2019-03-01;PF_N55;115;100.7;101.5;100.6;99.5;101.5;100.4;100.9;3;1;2019
2019-03-01;PF_O57;228;100.7;101.5;100.6;99.5;101.5;100.4;100.9;3;1;2019
2019-03-01;PF_O58;5817;100.7;101.5;100.6;99.5;101.5;100.4;100.9;3;1;2019
2019-03-01;PF_O59;53;100.7;101.5;100.6;99.5;101.5;100.4;100.9;3;1;2019
2019-03-01;PF_O60;93;100.7;101.5;100.6;99.5;101.5;100.4;100.9;3;1;2019
2019-04-01;PF_A02;4;100.4;101.5;100.4;99.3;101.5;100.3;100.9;4;2;2019
2019-04-01;PF_A03;319;100.4;101.5;100.4;99.3;101.5;100.3;100.9;4;2;2019
2019-04-01;PF_A04;0;100.4;101.5;100.4;99.3;101.5;100.3;100.9;4;2;2019
2019-04-01;PF_B05;152;100.4;101.5;100.4;99.3;101.5;100.3;100.9;4;2;2019
2019-04-01;PF_B06;10;100.4;101.5;100.4;99.3;101.5;100.3;100.9;4;2;2019
2019-04-01;PF_N55;104;100.4;101.5;100.4;99.3;101.5;100.3;100.9;4;2;2019
2019-04-01;PF_O57;230;100.4;101.5;100.4;99.3;101.5;100.3;100.9;4;2;2019
2019-04-01;PF_O58;6249;100.4;101.5;100.4;99.3;101.5;100.3;100.9;4;2;2019
2019-04-01;PF_O59;48;100.4;101.5;100.4;99.3;101.5;100.3;100.9;4;2;2019
2019-04-01;PF_O60;92;100.4;101.5;100.4;99.3;101.5;100.3;100.9;4;2;2019
2019-05-01;PF_A02;2;100.2;101.4;100.1;99.1;101.4;100.1;100.9;5;2;2019
2019-05-01;PF_A03;335;100.2;101.4;100.1;99.1;101.4;100.1;100.9;5;2;2019
2019-05-01;PF_A04;28;100.2;101.4;100.1;99.1;101.4;100.1;100.9;5;2;2019
2019-05-01;PF_B05;155;100.2;101.4;100.1;99.1;101.4;100.1;100.9;5;2;2019
2019-05-01;PF_B06;27;100.2;101.4;100.1;99.1;101.4;100.1;100.9;5;2;2019
2019-05-01;PF_N55;89;100.2;101.4;100.1;99.1;101.4;100.1;100.9;5;2;2019
2019-05-01;PF_O57;242;100.2;101.4;100.1;99.1;101.4;100.1;100.9;5;2;2019
2019-05-01;PF_O58;5730;100.2;101.4;100.1;99.1;101.4;100.1;100.9;5;2;2019
2019-05-01;PF_O59;47;100.2;101.4;100.1;99.1;101.4;100.1;100.9;5;2;2019
2019-05-01;PF_O60;90;100.2;101.4;100.1;99.1;101.4;100.1;100.9;5;2;2019
2019-06-01;PF_A02;9;99.9;101.4;99.8;98.8;101.2;99.9;100.8;6;2;2019
2019-06-01;PF_A03;306;99.9;101.4;99.8;98.8;101.2;99.9;100.8;6;2;2019
2019-06-01;PF_A04;0;99.9;101.4;99.8;98.8;101.2;99.9;100.8;6;2;2019
2019-06-01;PF_B05;170;99.9;101.4;99.8;98.8;101.2;99.9;100.8;6;2;2019
2019-06-01;PF_B06;10;99.9;101.4;99.8;98.8;101.2;99.9;100.8;6;2;2019
2019-06-01;PF_N55;121;99.9;101.4;99.8;98.8;101.2;99.9;100.8;6;2;2019
2019-06-01;PF_O57;247;99.9;101.4;99.8;98.8;101.2;99.9;100.8;6;2;2019
2019-06-01;PF_O58;6083;99.9;101.4;99.8;98.8;101.2;99.9;100.8;6;2;2019
2019-06-01;PF_O59;52;99.9;101.4;99.8;98.8;101.2;99.9;100.8;6;2;2019
2019-06-01;PF_O60;92;99.9;101.4;99.8;98.8;101.2;99.9;100.8;6;2;2019
2019-07-01;PF_A02;9;99.7;101.4;99.6;98.7;101.0;99.7;100.7;7;3;2019
2019-07-01;PF_A03;288;99.7;101.4;99.6;98.7;101.0;99.7;100.7;7;3;2019
2019-07-01;PF_A04;4;99.7;101.4;99.6;98.7;101.0;99.7;100.7;7;3;2019
2019-07-01;PF_B05;166;99.7;101.4;99.6;98.7;101.0;99.7;100.7;7;3;2019
2019-07-01;PF_B06;54;99.7;101.4;99.6;98.7;101.0;99.7;100.7;7;3;2019
2019-07-01;PF_N55;76;99.7;101.4;99.6;98.7;101.0;99.7;100.7;7;3;2019
2019-07-01;PF_O57;250;99.7;101.4;99.6;98.7;101.0;99.7;100.7;7;3;2019
2019-07-01;PF_O58;5918;99.7;101.4;99.6;98.7;101.0;99.7;100.7;7;3;2019
2019-07-01;PF_O59;50;99.7;101.4;99.6;98.7;101.0;99.7;100.7;7;3;2019
2019-07-01;PF_O60;91;99.7;101.4;99.6;98.7;101.0;99.7;100.7;7;3;2019
2019-08-01;PF_A02;3;99.6;101.4;99.4;98.6;100.9;99.6;100.5;8;3;2019
2019-08-01;PF_A03;288;99.6;101.4;99.4;98.6;100.9;99.6;100.5;8;3;2019
2019-08-01;PF_A04;0;99.6;101.4;99.4;98.6;100.9;99.6;100.5;8;3;2019
2019-08-01;PF_B05;146;99.6;101.4;99.4;98.6;100.9;99.6;100.5;8;3;2019
2019-08-01;PF_B06;41;99.6;101.4;99.4;98.6;100.9;99.6;100.5;8;3;2019
2019-08-01;PF_N55;101;99.6;101.4;99.4;98.6;100.9;99.6;100.5;8;3;2019
2019-08-01;PF_O57;248;99.6;101.4;99.4;98.6;100.9;99.6;100.5;8;3;2019
2019-08-01;PF_O58;5538;99.6;101.4;99.4;98.6;100.9;99.6;100.5;8;3;2019
2019-08-01;PF_O59;66;99.6;101.4;99.4;98.6;100.9;99.6;100.5;8;3;2019
2019-08-01;PF_O60;91;99.6;101.4;99.4;98.6;100.9;99.6;100.5;8;3;2019
2019-09-01;PF_A02;10;99.5;101.5;99.2;98.6;100.9;99.5;100.5;9;3;2019
2019-09-01;PF_A03;313;99.5;101.5;99.2;98.6;100.9;99.5;100.5;9;3;2019
2019-09-01;PF_A04;0;99.5;101.5;99.2;98.6;100.9;99.5;100.5;9;3;2019
2019-09-01;PF_B05;149;99.5;101.5;99.2;98.6;100.9;99.5;100.5;9;3;2019
2019-09-01;PF_B06;10;99.5;101.5;99.2;98.6;100.9;99.5;100.5;9;3;2019
2019-09-01;PF_N55;101;99.5;101.5;99.2;98.6;100.9;99.5;100.5;9;3;2019
2019-09-01;PF_O57;249;99.5;101.5;99.2;98.6;100.9;99.5;100.5;9;3;2019
2019-09-01;PF_O58;5860;99.5;101.5;99.2;98.6;100.9;99.5;100.5;9;3;2019
2019-09-01;PF_O59;46;99.5;101.5;99.2;98.6;100.9;99.5;100.5;9;3;2019
2019-09-01;PF_O60;87;99.5;101.5;99.2;98.6;100.9;99.5;100.5;9;3;2019
2019-10-01;PF_A02;2;99.5;101.5;99.1;98.7;100.9;99.5;100.6;10;4;2019
2019-10-01;PF_A03;223;99.5;101.5;99.1;98.7;100.9;99.5;100.6;10;4;2019
2019-10-01;PF_A04;0;99.5;101.5;99.1;98.7;100.9;99.5;100.6;10;4;2019
2019-10-01;PF_B05;147;99.5;101.5;99.1;98.7;100.9;99.5;100.6;10;4;2019
2019-10-01;PF_B06;14;99.5;101.5;99.1;98.7;100.9;99.5;100.6;10;4;2019
2019-10-01;PF_N55;101;99.5;101.5;99.1;98.7;100.9;99.5;100.6;10;4;2019
2019-10-01;PF_O57;245;99.5;101.5;99.1;98.7;100.9;99.5;100.6;10;4;2019
2019-10-01;PF_O58;5699;99.5;101.5;99.1;98.7;100.9;99.5;100.6;10;4;2019
2019-10-01;PF_O59;73;99.5;101.5;99.1;98.7;100.9;99.5;100.6;10;4;2019
2019-10-01;PF_O60;89;99.5;101.5;99.1;98.7;100.9;99.5;100.6;10;4;2019
2019-11-01;PF_A02;10;99.6;101.5;99.2;98.8;101.0;99.5;100.7;11;4;2019
2019-11-01;PF_A03;255;99.6;101.5;99.2;98.8;101.0;99.5;100.7;11;4;2019
2019-11-01;PF_A04;0;99.6;101.5;99.2;98.8;101.0;99.5;100.7;11;4;2019
2019-11-01;PF_B05;161;99.6;101.5;99.2;98.8;101.0;99.5;100.7;11;4;2019
2019-11-01;PF_B06;9;99.6;101.5;99.2;98.8;101.0;99.5;100.7;11;4;2019
2019-11-01;PF_N55;102;99.6;101.5;99.2;98.8;101.0;99.5;100.7;11;4;2019
2019-11-01;PF_O57;243;99.6;101.5;99.2;98.8;101.0;99.5;100.7;11;4;2019
2019-11-01;PF_O58;5458;99.6;101.5;99.2;98.8;101.0;99.5;100.7;11;4;2019
2019-11-01;PF_O59;47;99.6;101.5;99.2;98.8;101.0;99.5;100.7;11;4;2019
2019-11-01;PF_O60;88;99.6;101.5;99.2;98.8;101.0;99.5;100.7;11;4;2019
2019-12-01;PF_A02;10;99.8;101.5;99.3;98.8;101.0;99.6;100.8;12;4;2019
2019-12-01;PF_A03;308;99.8;101.5;99.3;98.8;101.0;99.6;100.8;12;4;2019
2019-12-01;PF_A04;16;99.8;101.5;99.3;98.8;101.0;99.6;100.8;12;4;2019
2019-12-01;PF_B05;150;99.8;101.5;99.3;98.8;101.0;99.6;100.8;12;4;2019
2019-12-01;PF_B06;11;99.8;101.5;99.3;98.8;101.0;99.6;100.8;12;4;2019
2019-12-01;PF_N55;86;99.8;101.5;99.3;98.8;101.0;99.6;100.8;12;4;2019
2019-12-01;PF_O57;223;99.8;101.5;99.3;98.8;101.0;99.6;100.8;12;4;2019
2019-12-01;PF_O58;4661;99.8;101.5;99.3;98.8;101.0;99.6;100.8;12;4;2019
2019-12-01;PF_O59;46;99.8;101.5;99.3;98.8;101.0;99.6;100.8;12;4;2019
2019-12-01;PF_O60;83;99.8;101.5;99.3;98.8;101.0;99.6;100.8;12;4;2019
2020-01-01;PF_A02;12;99.8;101.3;99.4;98.9;101.0;99.5;100.7;1;1;2020
2020-01-01;PF_A03;300;99.8;101.3;99.4;98.9;101.0;99.5;100.7;1;1;2020
2020-01-01;PF_A04;0;99.8;101.3;99.4;98.9;101.0;99.5;100.7;1;1;2020
2020-01-01;PF_B05;133;99.8;101.3;99.4;98.9;101.0;99.5;100.7;1;1;2020
2020-01-01;PF_B06;12;99.8;101.3;99.4;98.9;101.0;99.5;100.7;1;1;2020
2020-01-01;PF_N55;114;99.8;101.3;99.4;98.9;101.0;99.5;100.7;1;1;2020
2020-01-01;PF_O57;253;99.8;101.3;99.4;98.9;101.0;99.5;100.7;1;1;2020
2020-01-01;PF_O58;5179;99.8;101.3;99.4;98.9;101.0;99.5;100.7;1;1;2020
2020-01-01;PF_O59;66;99.8;101.3;99.4;98.9;101.0;99.5;100.7;1;1;2020
2020-01-01;PF_O60;86;99.8;101.3;99.4;98.9;101.0;99.5;100.7;1;1;2020
2020-02-01;PF_A02;12;99.1;100.5;99.1;98.8;100.6;99.0;100.2;2;1;2020
2020-02-01;PF_A03;318;99.1;100.5;99.1;98.8;100.6;99.0;100.2;2;1;2020
2020-02-01;PF_A04;0;99.1;100.5;99.1;98.8;100.6;99.0;100.2;2;1;2020
2020-02-01;PF_B05;140;99.1;100.5;99.1;98.8;100.6;99.0;100.2;2;1;2020
2020-02-01;PF_B06;36;99.1;100.5;99.1;98.8;100.6;99.0;100.2;2;1;2020
2020-02-01;PF_N55;94;99.1;100.5;99.1;98.8;100.6;99.0;100.2;2;1;2020
2020-02-01;PF_O57;239;99.1;100.5;99.1;98.8;100.6;99.0;100.2;2;1;2020
2020-02-01;PF_O58;5460;99.1;100.5;99.1;98.8;100.6;99.0;100.2;2;1;2020
2020-02-01;PF_O59;43;99.1;100.5;99.1;98.8;100.6;99.0;100.2;2;1;2020
2020-02-01;PF_O60;85;99.1;100.5;99.1;98.8;100.6;99.0;100.2;2;1;2020
2020-03-01;PF_A02;25;97.5;98.9;98.4;96.0;99.8;98.0;99.2;3;1;2020
2020-03-01;PF_A03;276;97.5;98.9;98.4;96.0;99.8;98.0;99.2;3;1;2020
2020-03-01;PF_A04;12;97.5;98.9;98.4;96.0;99.8;98.0;99.2;3;1;2020
2020-03-01;PF_B05;139;97.5;98.9;98.4;96.0;99.8;98.0;99.2;3;1;2020
2020-03-01;PF_B06;10;97.5;98.9;98.4;96.0;99.8;98.0;99.2;3;1;2020
2020-03-01;PF_N55;101;97.5;98.9;98.4;96.0;99.8;98.0;99.2;3;1;2020
2020-03-01;PF_O57;239;97.5;98.9;98.4;96.0;99.8;98.0;99.2;3;1;2020
2020-03-01;PF_O58;5844;97.5;98.9;98.4;96.0;99.8;98.0;99.2;3;1;2020
2020-03-01;PF_O59;55;97.5;98.9;98.4;96.0;99.8;98.0;99.2;3;1;2020
2020-03-01;PF_O60;86;97.5;98.9;98.4;96.0;99.8;98.0;99.2;3;1;2020
2020-04-01;PF_A02;0;95.6;97.2;97.7;90.9;99.0;96.9;98.1;4;2;2020
2020-04-01;PF_A03;281;95.6;97.2;97.7;90.9;99.0;96.9;98.1;4;2;2020
2020-04-01;PF_A04;16;95.6;97.2;97.7;90.9;99.0;96.9;98.1;4;2;2020
2020-04-01;PF_B05;147;95.6;97.2;97.7;90.9;99.0;96.9;98.1;4;2;2020
2020-04-01;PF_B06;12;95.6;97.2;97.7;90.9;99.0;96.9;98.1;4;2;2020
2020-04-01;PF_N55;102;95.6;97.2;97.7;90.9;99.0;96.9;98.1;4;2;2020
2020-04-01;PF_O57;248;95.6;97.2;97.7;90.9;99.0;96.9;98.1;4;2;2020
2020-04-01;PF_O58;6073;95.6;97.2;97.7;90.9;99.0;96.9;98.1;4;2;2020
2020-04-01;PF_O59;51;95.6;97.2;97.7;90.9;99.0;96.9;98.1;4;2;2020
2020-04-01;PF_O60;86;95.6;97.2;97.7;90.9;99.0;96.9;98.1;4;2;2020
2020-05-01;PF_A02;10;95.3;97.0;97.6;93.0;98.9;96.8;97.7;5;2;2020
2020-05-01;PF_A03;334;95.3;97.0;97.6;93.0;98.9;96.8;97.7;5;2;2020
2020-05-01;PF_A04;0;95.3;97.0;97.6;93.0;98.9;96.8;97.7;5;2;2020
2020-05-01;PF_B05;129;95.3;97.0;97.6;93.0;98.9;96.8;97.7;5;2;2020
2020-05-01;PF_B06;11;95.3;97.0;97.6;93.0;98.9;96.8;97.7;5;2;2020
2020-05-01;PF_N55;106;95.3;97.0;97.6;93.0;98.9;96.8;97.7;5;2;2020
2020-05-01;PF_O57;245;95.3;97.0;97.6;93.0;98.9;96.8;97.7;5;2;2020
2020-05-01;PF_O58;5718;95.3;97.0;97.6;93.0;98.9;96.8;97.7;5;2;2020
2020-05-01;PF_O59;59;95.3;97.0;97.6;93.0;98.9;96.8;97.7;5;2;2020
2020-05-01;PF_O60;89;95.3;97.0;97.6;93.0;98.9;96.8;97.7;5;2;2020
2020-06-01;PF_A02;0;96.2;97.7;98.2;97.2;99.3;97.5;97.9;6;2;2020
2020-06-01;PF_A03;300;96.2;97.7;98.2;97.2;99.3;97.5;97.9;6;2;2020
2020-06-01;PF_A04;0;96.2;97.7;98.2;97.2;99.3;97.5;97.9;6;2;2020
2020-06-01;PF_B05;149;96.2;97.7;98.2;97.2;99.3;97.5;97.9;6;2;2020
2020-06-01;PF_B06;11;96.2;97.7;98.2;97.2;99.3;97.5;97.9;6;2;2020
2020-06-01;PF_N55;110;96.2;97.7;98.2;97.2;99.3;97.5;97.9;6;2;2020
2020-06-01;PF_O57;247;96.2;97.7;98.2;97.2;99.3;97.5;97.9;6;2;2020
2020-06-01;PF_O58;5641;96.2;97.7;98.2;97.2;99.3;97.5;97.9;6;2;2020
2020-06-01;PF_O59;62;96.2;97.7;98.2;97.2;99.3;97.5;97.9;6;2;2020
2020-06-01;PF_O60;91;96.2;97.7;98.2;97.2;99.3;97.5;97.9;6;2;2020
2020-07-01;PF_A02;0;97.5;98.4;98.9;98.6;99.7;98.4;98.2;7;3;2020
2020-07-01;PF_A03;250;97.5;98.4;98.9;98.6;99.7;98.4;98.2;7;3;2020
2020-07-01;PF_A04;0;97.5;98.4;98.9;98.6;99.7;98.4;98.2;7;3;2020
2020-07-01;PF_B05;147;97.5;98.4;98.9;98.6;99.7;98.4;98.2;7;3;2020
2020-07-01;PF_B06;38;97.5;98.4;98.9;98.6;99.7;98.4;98.2;7;3;2020
2020-07-01;PF_N55;78;97.5;98.4;98.9;98.6;99.7;98.4;98.2;7;3;2020
2020-07-01;PF_O57;238;97.5;98.4;98.9;98.6;99.7;98.4;98.2;7;3;2020
2020-07-01;PF_O58;5880;97.5;98.4;98.9;98.6;99.7;98.4;98.2;7;3;2020
2020-07-01;PF_O59;69;97.5;98.4;98.9;98.6;99.7;98.4;98.2;7;3;2020
2020-07-01;PF_O60;89;97.5;98.4;98.9;98.6;99.7;98.4;98.2;7;3;2020
2020-08-01;PF_A02;0;98.5;98.9;99.5;99.1;100.0;99.1;98.5;8;3;2020
2020-08-01;PF_A03;275;98.5;98.9;99.5;99.1;100.0;99.1;98.5;8;3;2020
2020-08-01;PF_A04;0;98.5;98.9;99.5;99.1;100.0;99.1;98.5;8;3;2020
2020-08-01;PF_B05;139;98.5;98.9;99.5;99.1;100.0;99.1;98.5;8;3;2020
2020-08-01;PF_B06;35;98.5;98.9;99.5;99.1;100.0;99.1;98.5;8;3;2020
2020-08-01;PF_N55;94;98.5;98.9;99.5;99.1;100.0;99.1;98.5;8;3;2020
2020-08-01;PF_O57;228;98.5;98.9;99.5;99.1;100.0;99.1;98.5;8;3;2020
2020-08-01;PF_O58;5477;98.5;98.9;99.5;99.1;100.0;99.1;98.5;8;3;2020
2020-08-01;PF_O59;65;98.5;98.9;99.5;99.1;100.0;99.1;98.5;8;3;2020
2020-08-01;PF_O60;84;98.5;98.9;99.5;99.1;100.0;99.1;98.5;8;3;2020
2020-09-01;PF_A02;2;99.2;99.0;100.0;99.3;100.0;99.5;98.7;9;3;2020
2020-09-01;PF_A03;278;99.2;99.0;100.0;99.3;100.0;99.5;98.7;9;3;2020
2020-09-01;PF_A04;8;99.2;99.0;100.0;99.3;100.0;99.5;98.7;9;3;2020
2020-09-01;PF_B05;128;99.2;99.0;100.0;99.3;100.0;99.5;98.7;9;3;2020
2020-09-01;PF_B06;11;99.2;99.0;100.0;99.3;100.0;99.5;98.7;9;3;2020
2020-09-01;PF_N55;90;99.2;99.0;100.0;99.3;100.0;99.5;98.7;9;3;2020
2020-09-01;PF_O57;241;99.2;99.0;100.0;99.3;100.0;99.5;98.7;9;3;2020
2020-09-01;PF_O58;5452;99.2;99.0;100.0;99.3;100.0;99.5;98.7;9;3;2020
2020-09-01;PF_O59;68;99.2;99.0;100.0;99.3;100.0;99.5;98.7;9;3;2020
2020-09-01;PF_O60;79;99.2;99.0;100.0;99.3;100.0;99.5;98.7;9;3;2020
2020-10-01;PF_A02;17;99.6;98.8;100.3;99.5;99.9;99.9;98.8;10;4;2020
2020-10-01;PF_A03;290;99.6;98.8;100.3;99.5;99.9;99.9;98.8;10;4;2020
2020-10-01;PF_A04;0;99.6;98.8;100.3;99.5;99.9;99.9;98.8;10;4;2020
2020-10-01;PF_B05;118;99.6;98.8;100.3;99.5;99.9;99.9;98.8;10;4;2020
2020-10-01;PF_B06;15;99.6;98.8;100.3;99.5;99.9;99.9;98.8;10;4;2020
2020-10-01;PF_N55;93;99.6;98.8;100.3;99.5;99.9;99.9;98.8;10;4;2020
2020-10-01;PF_O57;243;99.6;98.8;100.3;99.5;99.9;99.9;98.8;10;4;2020
2020-10-01;PF_O58;5609;99.6;98.8;100.3;99.5;99.9;99.9;98.8;10;4;2020
2020-10-01;PF_O59;78;99.6;98.8;100.3;99.5;99.9;99.9;98.8;10;4;2020
2020-10-01;PF_O60;78;99.6;98.8;100.3;99.5;99.9;99.9;98.8;10;4;2020
2020-11-01;PF_A02;4;99.8;98.7;100.5;99.7;99.6;100.0;98.8;11;4;2020
2020-11-01;PF_A03;228;99.8;98.7;100.5;99.7;99.6;100.0;98.8;11;4;2020
2020-11-01;PF_A04;0;99.8;98.7;100.5;99.7;99.6;100.0;98.8;11;4;2020
2020-11-01;PF_B05;126;99.8;98.7;100.5;99.7;99.6;100.0;98.8;11;4;2020
2020-11-01;PF_B06;10;99.8;98.7;100.5;99.7;99.6;100.0;98.8;11;4;2020
2020-11-01;PF_N55;96;99.8;98.7;100.5;99.7;99.6;100.0;98.8;11;4;2020
2020-11-01;PF_O57;239;99.8;98.7;100.5;99.7;99.6;100.0;98.8;11;4;2020
2020-11-01;PF_O58;5095;99.8;98.7;100.5;99.7;99.6;100.0;98.8;11;4;2020
2020-11-01;PF_O59;67;99.8;98.7;100.5;99.7;99.6;100.0;98.8;11;4;2020
2020-11-01;PF_O60;80;99.8;98.7;100.5;99.7;99.6;100.0;98.8;11;4;2020
2020-12-01;PF_A02;18;100.2;98.9;100.8;100.0;99.5;100.2;98.9;12;4;2020
2020-12-01;PF_A03;275;100.2;98.9;100.8;100.0;99.5;100.2;98.9;12;4;2020
2020-12-01;PF_A04;8;100.2;98.9;100.8;100.0;99.5;100.2;98.9;12;4;2020
2020-12-01;PF_B05;120;100.2;98.9;100.8;100.0;99.5;100.2;98.9;12;4;2020
2020-12-01;PF_B06;13;100.2;98.9;100.8;100.0;99.5;100.2;98.9;12;4;2020
2020-12-01;PF_N55;82;100.2;98.9;100.8;100.0;99.5;100.2;98.9;12;4;2020
2020-12-01;PF_O57;223;100.2;98.9;100.8;100.0;99.5;100.2;98.9;12;4;2020
2020-12-01;PF_O58;4079;100.2;98.9;100.8;100.0;99.5;100.2;98.9;12;4;2020
2020-12-01;PF_O59;68;100.2;98.9;100.8;100.0;99.5;100.2;98.9;12;4;2020
2020-12-01;PF_O60;76;100.2;98.9;100.8;100.0;99.5;100.2;98.9;12;4;2020
2021-01-01;PF_A02;10;100.6;99.1;101.1;100.3;99.4;100.5;99.0;1;1;2021
2021-01-01;PF_A03;279;100.6;99.1;101.1;100.3;99.4;100.5;99.0;1;1;2021
2021-01-01;PF_A04;0;100.6;99.1;101.1;100.3;99.4;100.5;99.0;1;1;2021
2021-01-01;PF_B05;122;100.6;99.1;101.1;100.3;99.4;100.5;99.0;1;1;2021
2021-01-01;PF_B06;14;100.6;99.1;101.1;100.3;99.4;100.5;99.0;1;1;2021
2021-01-01;PF_N55;90;100.6;99.1;101.1;100.3;99.4;100.5;99.0;1;1;2021
2021-01-01;PF_O57;257;100.6;99.1;101.1;100.3;99.4;100.5;99.0;1;1;2021
2021-01-01;PF_O58;5013;100.6;99.1;101.1;100.3;99.4;100.5;99.0;1;1;2021
2021-01-01;PF_O59;82;100.6;99.1;101.1;100.3;99.4;100.5;99.0;1;1;2021
2021-01-01;PF_O60;83;100.6;99.1;101.1;100.3;99.4;100.5;99.0;1;1;2021
2021-02-01;PF_A02;27;101.1;99.5;101.6;100.8;99.6;100.8;99.3;2;1;2021
2021-02-01;PF_A03;303;101.1;99.5;101.6;100.8;99.6;100.8;99.3;2;1;2021
2021-02-01;PF_A04;0;101.1;99.5;101.6;100.8;99.6;100.8;99.3;2;1;2021
2021-02-01;PF_B05;121;101.1;99.5;101.6;100.8;99.6;100.8;99.3;2;1;2021
2021-02-01;PF_B06;34;101.1;99.5;101.6;100.8;99.6;100.8;99.3;2;1;2021
2021-02-01;PF_N55;78;101.1;99.5;101.6;100.8;99.6;100.8;99.3;2;1;2021
2021-02-01;PF_O57;226;101.1;99.5;101.6;100.8;99.6;100.8;99.3;2;1;2021
2021-02-01;PF_O58;5626;101.1;99.5;101.6;100.8;99.6;100.8;99.3;2;1;2021
2021-02-01;PF_O59;61;101.1;99.5;101.6;100.8;99.6;100.8;99.3;2;1;2021
2021-02-01;PF_O60;86;101.1;99.5;101.6;100.8;99.6;100.8;99.3;2;1;2021
2021-03-01;PF_A02;0;101.7;100.0;102.2;101.3;99.9;101.2;99.7;3;1;2021
2021-03-01;PF_A03;275;101.7;100.0;102.2;101.3;99.9;101.2;99.7;3;1;2021
2021-03-01;PF_A04;0;101.7;100.0;102.2;101.3;99.9;101.2;99.7;3;1;2021
2021-03-01;PF_B05;132;101.7;100.0;102.2;101.3;99.9;101.2;99.7;3;1;2021
2021-03-01;PF_B06;12;101.7;100.0;102.2;101.3;99.9;101.2;99.7;3;1;2021
2021-03-01;PF_N55;114;101.7;100.0;102.2;101.3;99.9;101.2;99.7;3;1;2021
2021-03-01;PF_O57;232;101.7;100.0;102.2;101.3;99.9;101.2;99.7;3;1;2021
2021-03-01;PF_O58;5723;101.7;100.0;102.2;101.3;99.9;101.2;99.7;3;1;2021
2021-03-01;PF_O59;69;101.7;100.0;102.2;101.3;99.9;101.2;99.7;3;1;2021
2021-03-01;PF_O60;86;101.7;100.0;102.2;101.3;99.9;101.2;99.7;3;1;2021
2021-04-01;PF_A02;0;102.2;100.7;102.6;101.8;100.2;101.5;100.0;4;2;2021
2021-04-01;PF_A03;264;102.2;100.7;102.6;101.8;100.2;101.5;100.0;4;2;2021
2021-04-01;PF_A04;4;102.2;100.7;102.6;101.8;100.2;101.5;100.0;4;2;2021
2021-04-01;PF_B05;128;102.2;100.7;102.6;101.8;100.2;101.5;100.0;4;2;2021
2021-04-01;PF_B06;15;102.2;100.7;102.6;101.8;100.2;101.5;100.0;4;2;2021
2021-04-01;PF_N55;95;102.2;100.7;102.6;101.8;100.2;101.5;100.0;4;2;2021
2021-04-01;PF_O57;238;102.2;100.7;102.6;101.8;100.2;101.5;100.0;4;2;2021
2021-04-01;PF_O58;6137;102.2;100.7;102.6;101.8;100.2;101.5;100.0;4;2;2021
2021-04-01;PF_O59;66;102.2;100.7;102.6;101.8;100.2;101.5;100.0;4;2;2021
2021-04-01;PF_O60;86;102.2;100.7;102.6;101.8;100.2;101.5;100.0;4;2;2021
2021-05-01;PF_A02;28;102.7;101.6;102.9;102.3;100.7;101.7;100.3;5;2;2021
2021-05-01;PF_A03;261;102.7;101.6;102.9;102.3;100.7;101.7;100.3;5;2;2021
2021-05-01;PF_A04;0;102.7;101.6;102.9;102.3;100.7;101.7;100.3;5;2;2021
2021-05-01;PF_B05;111;102.7;101.6;102.9;102.3;100.7;101.7;100.3;5;2;2021
2021-05-01;PF_B06;13;102.7;101.6;102.9;102.3;100.7;101.7;100.3;5;2;2021
2021-05-01;PF_N55;98;102.7;101.6;102.9;102.3;100.7;101.7;100.3;5;2;2021
2021-05-01;PF_O57;237;102.7;101.6;102.9;102.3;100.7;101.7;100.3;5;2;2021
2021-05-01;PF_O58;5424;102.7;101.6;102.9;102.3;100.7;101.7;100.3;5;2;2021
2021-05-01;PF_O59;72;102.7;101.6;102.9;102.3;100.7;101.7;100.3;5;2;2021
2021-05-01;PF_O60;87;102.7;101.6;102.9;102.3;100.7;101.7;100.3;5;2;2021
2021-06-01;PF_A02;17;103.1;102.2;103.2;102.6;101.2;101.9;100.4;6;2;2021
2021-06-01;PF_A03;211;103.1;102.2;103.2;102.6;101.2;101.9;100.4;6;2;2021
2021-06-01;PF_A04;16;103.1;102.2;103.2;102.6;101.2;101.9;100.4;6;2;2021
2021-06-01;PF_B05;139;103.1;102.2;103.2;102.6;101.2;101.9;100.4;6;2;2021
2021-06-01;PF_B06;13;103.1;102.2;103.2;102.6;101.2;101.9;100.4;6;2;2021
2021-06-01;PF_N55;107;103.1;102.2;103.2;102.6;101.2;101.9;100.4;6;2;2021
2021-06-01;PF_O57;241;103.1;102.2;103.2;102.6;101.2;101.9;100.4;6;2;2021
2021-06-01;PF_O58;5348;103.1;102.2;103.2;102.6;101.2;101.9;100.4;6;2;2021
2021-06-01;PF_O59;91;103.1;102.2;103.2;102.6;101.2;101.9;100.4;6;2;2021
2021-06-01;PF_O60;88;103.1;102.2;103.2;102.6;101.2;101.9;100.4;6;2;2021
2021-07-01;PF_A02;3;103.4;102.3;103.4;102.8;101.3;102.0;100.3;7;3;2021
2021-07-01;PF_A03;290;103.4;102.3;103.4;102.8;101.3;102.0;100.3;7;3;2021
2021-07-01;PF_A04;0;103.4;102.3;103.4;102.8;101.3;102.0;100.3;7;3;2021
2021-07-01;PF_B05;115;103.4;102.3;103.4;102.8;101.3;102.0;100.3;7;3;2021
2021-07-01;PF_B06;15;103.4;102.3;103.4;102.8;101.3;102.0;100.3;7;3;2021
2021-07-01;PF_N55;80;103.4;102.3;103.4;102.8;101.3;102.0;100.3;7;3;2021
2021-07-01;PF_O57;241;103.4;102.3;103.4;102.8;101.3;102.0;100.3;7;3;2021
2021-07-01;PF_O58;5768;103.4;102.3;103.4;102.8;101.3;102.0;100.3;7;3;2021
2021-07-01;PF_O59;72;103.4;102.3;103.4;102.8;101.3;102.0;100.3;7;3;2021
2021-07-01;PF_O60;86;103.4;102.3;103.4;102.8;101.3;102.0;100.3;7;3;2021
2021-08-01;PF_A02;16;103.6;102.2;103.5;102.8;101.3;102.0;100.1;8;3;2021
2021-08-01;PF_A03;250;103.6;102.2;103.5;102.8;101.3;102.0;100.1;8;3;2021
2021-08-01;PF_A04;0;103.6;102.2;103.5;102.8;101.3;102.0;100.1;8;3;2021
2021-08-01;PF_B05;112;103.6;102.2;103.5;102.8;101.3;102.0;100.1;8;3;2021
2021-08-01;PF_B06;15;103.6;102.2;103.5;102.8;101.3;102.0;100.1;8;3;2021
2021-08-01;PF_N55;97;103.6;102.2;103.5;102.8;101.3;102.0;100.1;8;3;2021
2021-08-01;PF_O57;249;103.6;102.2;103.5;102.8;101.3;102.0;100.1;8;3;2021
2021-08-01;PF_O58;5167;103.6;102.2;103.5;102.8;101.3;102.0;100.1;8;3;2021
2021-08-01;PF_O59;91;103.6;102.2;103.5;102.8;101.3;102.0;100.1;8;3;2021
2021-08-01;PF_O60;90;103.6;102.2;103.5;102.8;101.3;102.0;100.1;8;3;2021
2021-09-01;PF_A02;11;103.7;102.1;103.5;102.8;101.3;102.0;99.9;9;3;2021
2021-09-01;PF_A03;265;103.7;102.1;103.5;102.8;101.3;102.0;99.9;9;3;2021
2021-09-01;PF_A04;16;103.7;102.1;103.5;102.8;101.3;102.0;99.9;9;3;2021
2021-09-01;PF_B05;135;103.7;102.1;103.5;102.8;101.3;102.0;99.9;9;3;2021
2021-09-01;PF_B06;31;103.7;102.1;103.5;102.8;101.3;102.0;99.9;9;3;2021
2021-09-01;PF_N55;109;103.7;102.1;103.5;102.8;101.3;102.0;99.9;9;3;2021
2021-09-01;PF_O57;242;103.7;102.1;103.5;102.8;101.3;102.0;99.9;9;3;2021
2021-09-01;PF_O58;5266;103.7;102.1;103.5;102.8;101.3;102.0;99.9;9;3;2021
2021-09-01;PF_O59;62;103.7;102.1;103.5;102.8;101.3;102.0;99.9;9;3;2021
2021-09-01;PF_O60;92;103.7;102.1;103.5;102.8;101.3;102.0;99.9;9;3;2021
2021-10-01;PF_A02;10;103.7;101.7;103.5;102.6;101.1;102.1;99.8;10;4;2021
2021-10-01;PF_A03;261;103.7;101.7;103.5;102.6;101.1;102.1;99.8;10;4;2021
2021-10-01;PF_A04;0;103.7;101.7;103.5;102.6;101.1;102.1;99.8;10;4;2021
2021-10-01;PF_B05;100;103.7;101.7;103.5;102.6;101.1;102.1;99.8;10;4;2021
2021-10-01;PF_B06;14;103.7;101.7;103.5;102.6;101.1;102.1;99.8;10;4;2021
2021-10-01;PF_N55;106;103.7;101.7;103.5;102.6;101.1;102.1;99.8;10;4;2021
2021-10-01;PF_O57;239;103.7;101.7;103.5;102.6;101.1;102.1;99.8;10;4;2021
2021-10-01;PF_O58;5218;103.7;101.7;103.5;102.6;101.1;102.1;99.8;10;4;2021
2021-10-01;PF_O59;73;103.7;101.7;103.5;102.6;101.1;102.1;99.8;10;4;2021
2021-10-01;PF_O60;94;103.7;101.7;103.5;102.6;101.1;102.1;99.8;10;4;2021
2021-11-01;PF_A02;25;103.7;101.1;103.4;102.4;100.8;102.1;99.5;11;4;2021
2021-11-01;PF_A03;238;103.7;101.1;103.4;102.4;100.8;102.1;99.5;11;4;2021
2021-11-01;PF_A04;0;103.7;101.1;103.4;102.4;100.8;102.1;99.5;11;4;2021
2021-11-01;PF_B05;99;103.7;101.1;103.4;102.4;100.8;102.1;99.5;11;4;2021
2021-11-01;PF_B06;12;103.7;101.1;103.4;102.4;100.8;102.1;99.5;11;4;2021
2021-11-01;PF_N55;106;103.7;101.1;103.4;102.4;100.8;102.1;99.5;11;4;2021
2021-11-01;PF_O57;231;103.7;101.1;103.4;102.4;100.8;102.1;99.5;11;4;2021
2021-11-01;PF_O58;5341;103.7;101.1;103.4;102.4;100.8;102.1;99.5;11;4;2021
2021-11-01;PF_O59;60;103.7;101.1;103.4;102.4;100.8;102.1;99.5;11;4;2021
2021-11-01;PF_O60;94;103.7;101.1;103.4;102.4;100.8;102.1;99.5;11;4;2021
2021-12-01;PF_A02;2;103.7;100.6;103.5;102.2;100.5;102.0;99.3;12;4;2021
2021-12-01;PF_A03;235;103.7;100.6;103.5;102.2;100.5;102.0;99.3;12;4;2021
2021-12-01;PF_A04;8;103.7;100.6;103.5;102.2;100.5;102.0;99.3;12;4;2021
2021-12-01;PF_B05;95;103.7;100.6;103.5;102.2;100.5;102.0;99.3;12;4;2021
2021-12-01;PF_B06;14;103.7;100.6;103.5;102.2;100.5;102.0;99.3;12;4;2021
2021-12-01;PF_N55;91;103.7;100.6;103.5;102.2;100.5;102.0;99.3;12;4;2021
2021-12-01;PF_O57;217;103.7;100.6;103.5;102.2;100.5;102.0;99.3;12;4;2021
2021-12-01;PF_O58;4252;103.7;100.6;103.5;102.2;100.5;102.0;99.3;12;4;2021
2021-12-01;PF_O59;59;103.7;100.6;103.5;102.2;100.5;102.0;99.3;12;4;2021
2021-12-01;PF_O60;89;103.7;100.6;103.5;102.2;100.5;102.0;99.3;12;4;2021
2022-01-01;PF_A02;26;103.5;100.0;103.4;102.0;100.3;101.8;99.0;1;1;2022
2022-01-01;PF_A03;245;103.5;100.0;103.4;102.0;100.3;101.8;99.0;1;1;2022
2022-01-01;PF_A04;0;103.5;100.0;103.4;102.0;100.3;101.8;99.0;1;1;2022
2022-01-01;PF_B05;126;103.5;100.0;103.4;102.0;100.3;101.8;99.0;1;1;2022
2022-01-01;PF_B06;15;103.5;100.0;103.4;102.0;100.3;101.8;99.0;1;1;2022
2022-01-01;PF_N55;113;103.5;100.0;103.4;102.0;100.3;101.8;99.0;1;1;2022
2022-01-01;PF_O57;248;103.5;100.0;103.4;102.0;100.3;101.8;99.0;1;1;2022
2022-01-01;PF_O58;5172;103.5;100.0;103.4;102.0;100.3;101.8;99.0;1;1;2022
2022-01-01;PF_O59;122;103.5;100.0;103.4;102.0;100.3;101.8;99.0;1;1;2022
2022-01-01;PF_O60;94;103.5;100.0;103.4;102.0;100.3;101.8;99.0;1;1;2022
2022-02-01;PF_A02;9;103.2;98.9;103.2;101.7;99.8;101.7;98.5;2;1;2022
2022-02-01;PF_A03;277;103.2;98.9;103.2;101.7;99.8;101.7;98.5;2;1;2022
2022-02-01;PF_A04;0;103.2;98.9;103.2;101.7;99.8;101.7;98.5;2;1;2022
2022-02-01;PF_B05;131;103.2;98.9;103.2;101.7;99.8;101.7;98.5;2;1;2022
2022-02-01;PF_B06;13;103.2;98.9;103.2;101.7;99.8;101.7;98.5;2;1;2022
2022-02-01;PF_N55;97;103.2;98.9;103.2;101.7;99.8;101.7;98.5;2;1;2022
2022-02-01;PF_O57;213;103.2;98.9;103.2;101.7;99.8;101.7;98.5;2;1;2022
2022-02-01;PF_O58;5450;103.2;98.9;103.2;101.7;99.8;101.7;98.5;2;1;2022
2022-02-01;PF_O59;54;103.2;98.9;103.2;101.7;99.8;101.7;98.5;2;1;2022
2022-02-01;PF_O60;94;103.2;98.9;103.2;101.7;99.8;101.7;98.5;2;1;2022
2022-03-01;PF_A02;9;102.8;97.3;102.9;101.3;99.0;101.5;97.9;3;1;2022
2022-03-01;PF_A03;281;102.8;97.3;102.9;101.3;99.0;101.5;97.9;3;1;2022
2022-03-01;PF_A04;12;102.8;97.3;102.9;101.3;99.0;101.5;97.9;3;1;2022
2022-03-01;PF_B05;113;102.8;97.3;102.9;101.3;99.0;101.5;97.9;3;1;2022
2022-03-01;PF_B06;14;102.8;97.3;102.9;101.3;99.0;101.5;97.9;3;1;2022
2022-03-01;PF_N55;116;102.8;97.3;102.9;101.3;99.0;101.5;97.9;3;1;2022
2022-03-01;PF_O57;223;102.8;97.3;102.9;101.3;99.0;101.5;97.9;3;1;2022
2022-03-01;PF_O58;5485;102.8;97.3;102.9;101.3;99.0;101.5;97.9;3;1;2022
2022-03-01;PF_O59;86;102.8;97.3;102.9;101.3;99.0;101.5;97.9;3;1;2022
2022-03-01;PF_O60;95;102.8;97.3;102.9;101.3;99.0;101.5;97.9;3;1;2022
2022-04-01;PF_A02;0;102.4;96.2;102.7;101.0;98.3;101.3;97.6;4;2;2022
2022-04-01;PF_A03;274;102.4;96.2;102.7;101.0;98.3;101.3;97.6;4;2;2022
2022-04-01;PF_A04;0;102.4;96.2;102.7;101.0;98.3;101.3;97.6;4;2;2022
2022-04-01;PF_B05;123;102.4;96.2;102.7;101.0;98.3;101.3;97.6;4;2;2022
2022-04-01;PF_B06;15;102.4;96.2;102.7;101.0;98.3;101.3;97.6;4;2;2022
2022-04-01;PF_N55;83;102.4;96.2;102.7;101.0;98.3;101.3;97.6;4;2;2022
2022-04-01;PF_O57;240;102.4;96.2;102.7;101.0;98.3;101.3;97.6;4;2;2022
2022-04-01;PF_O58;6051;102.4;96.2;102.7;101.0;98.3;101.3;97.6;4;2;2022
2022-04-01;PF_O59;62;102.4;96.2;102.7;101.0;98.3;101.3;97.6;4;2;2022
2022-04-01;PF_O60;97;102.4;96.2;102.7;101.0;98.3;101.3;97.6;4;2;2022
2022-05-01;PF_A02;11;102.2;95.6;102.6;100.6;97.9;101.1;97.2;5;2;2022
2022-05-01;PF_A03;297;102.2;95.6;102.6;100.6;97.9;101.1;97.2;5;2;2022
2022-05-01;PF_A04;0;102.2;95.6;102.6;100.6;97.9;101.1;97.2;5;2;2022
2022-05-01;PF_B05;107;102.2;95.6;102.6;100.6;97.9;101.1;97.2;5;2;2022
2022-05-01;PF_B06;14;102.2;95.6;102.6;100.6;97.9;101.1;97.2;5;2;2022
2022-05-01;PF_N55;111;102.2;95.6;102.6;100.6;97.9;101.1;97.2;5;2;2022
2022-05-01;PF_O57;240;102.2;95.6;102.6;100.6;97.9;101.1;97.2;5;2;2022
2022-05-01;PF_O58;5989;102.2;95.6;102.6;100.6;97.9;101.1;97.2;5;2;2022
2022-05-01;PF_O59;66;102.2;95.6;102.6;100.6;97.9;101.1;97.2;5;2;2022
2022-05-01;PF_O60;97;102.2;95.6;102.6;100.6;97.9;101.1;97.2;5;2;2022
2022-06-01;PF_A02;27;102.0;95.0;102.4;100.2;97.5;100.8;96.8;6;2;2022
2022-06-01;PF_A03;237;102.0;95.0;102.4;100.2;97.5;100.8;96.8;6;2;2022
2022-06-01;PF_A04;0;102.0;95.0;102.4;100.2;97.5;100.8;96.8;6;2;2022
2022-06-01;PF_B05;159;102.0;95.0;102.4;100.2;97.5;100.8;96.8;6;2;2022
2022-06-01;PF_B06;14;102.0;95.0;102.4;100.2;97.5;100.8;96.8;6;2;2022
2022-06-01;PF_N55;137;102.0;95.0;102.4;100.2;97.5;100.8;96.8;6;2;2022
2022-06-01;PF_O57;235;102.0;95.0;102.4;100.2;97.5;100.8;96.8;6;2;2022
2022-06-01;PF_O58;6220;102.0;95.0;102.4;100.2;97.5;100.8;96.8;6;2;2022
2022-06-01;PF_O59;70;102.0;95.0;102.4;100.2;97.5;100.8;96.8;6;2;2022
2022-06-01;PF_O60;94;102.0;95.0;102.4;100.2;97.5;100.8;96.8;6;2;2022
2022-07-01;PF_A02;11;101.6;94.6;102.1;99.8;97.0;100.5;96.6;7;3;2022
2022-07-01;PF_A03;288;101.6;94.6;102.1;99.8;97.0;100.5;96.6;7;3;2022
2022-07-01;PF_A04;0;101.6;94.6;102.1;99.8;97.0;100.5;96.6;7;3;2022
2022-07-01;PF_B05;122;101.6;94.6;102.1;99.8;97.0;100.5;96.6;7;3;2022
2022-07-01;PF_B06;41;101.6;94.6;102.1;99.8;97.0;100.5;96.6;7;3;2022
2022-07-01;PF_N55;101;101.6;94.6;102.1;99.8;97.0;100.5;96.6;7;3;2022
2022-07-01;PF_O57;233;101.6;94.6;102.1;99.8;97.0;100.5;96.6;7;3;2022
2022-07-01;PF_O58;6400;101.6;94.6;102.1;99.8;97.0;100.5;96.6;7;3;2022
2022-07-01;PF_O59;74;101.6;94.6;102.1;99.8;97.0;100.5;96.6;7;3;2022
2022-07-01;PF_O60;94;101.6;94.6;102.1;99.8;97.0;100.5;96.6;7;3;2022
2022-08-01;PF_A02;3;101.3;94.4;101.8;99.5;96.6;100.2;96.6;8;3;2022
2022-08-01;PF_A03;223;101.3;94.4;101.8;99.5;96.6;100.2;96.6;8;3;2022
2022-08-01;PF_A04;0;101.3;94.4;101.8;99.5;96.6;100.2;96.6;8;3;2022
2022-08-01;PF_B05;129;101.3;94.4;101.8;99.5;96.6;100.2;96.6;8;3;2022
2022-08-01;PF_B06;15;101.3;94.4;101.8;99.5;96.6;100.2;96.6;8;3;2022
2022-08-01;PF_N55;119;101.3;94.4;101.8;99.5;96.6;100.2;96.6;8;3;2022
2022-08-01;PF_O57;232;101.3;94.4;101.8;99.5;96.6;100.2;96.6;8;3;2022
2022-08-01;PF_O58;6179;101.3;94.4;101.8;99.5;96.6;100.2;96.6;8;3;2022
2022-08-01;PF_O59;92;101.3;94.4;101.8;99.5;96.6;100.2;96.6;8;3;2022
2022-08-01;PF_O60;93;101.3;94.4;101.8;99.5;96.6;100.2;96.6;8;3;2022
2022-09-01;PF_A02;25;101.0;94.2;101.5;99.3;96.3;99.9;96.6;9;3;2022
2022-09-01;PF_A03;273;101.0;94.2;101.5;99.3;96.3;99.9;96.6;9;3;2022
2022-09-01;PF_A04;0;101.0;94.2;101.5;99.3;96.3;99.9;96.6;9;3;2022
2022-09-01;PF_B05;143;101.0;94.2;101.5;99.3;96.3;99.9;96.6;9;3;2022
2022-09-01;PF_B06;39;101.0;94.2;101.5;99.3;96.3;99.9;96.6;9;3;2022
2022-09-01;PF_N55;125;101.0;94.2;101.5;99.3;96.3;99.9;96.6;9;3;2022
2022-09-01;PF_O57;225;101.0;94.2;101.5;99.3;96.3;99.9;96.6;9;3;2022
2022-09-01;PF_O58;5933;101.0;94.2;101.5;99.3;96.3;99.9;96.6;9;3;2022
2022-09-01;PF_O59;58;101.0;94.2;101.5;99.3;96.3;99.9;96.6;9;3;2022
2022-09-01;PF_O60;94;101.0;94.2;101.5;99.3;96.3;99.9;96.6;9;3;2022
2022-10-01;PF_A02;18;100.8;94.4;101.3;99.2;96.3;99.7;96.7;10;4;2022
2022-10-01;PF_A03;282;100.8;94.4;101.3;99.2;96.3;99.7;96.7;10;4;2022
2022-10-01;PF_A04;4;100.8;94.4;101.3;99.2;96.3;99.7;96.7;10;4;2022
2022-10-01;PF_B05;128;100.8;94.4;101.3;99.2;96.3;99.7;96.7;10;4;2022
2022-10-01;PF_B06;14;100.8;94.4;101.3;99.2;96.3;99.7;96.7;10;4;2022
2022-10-01;PF_N55;115;100.8;94.4;101.3;99.2;96.3;99.7;96.7;10;4;2022
2022-10-01;PF_O57;224;100.8;94.4;101.3;99.2;96.3;99.7;96.7;10;4;2022
2022-10-01;PF_O58;5633;100.8;94.4;101.3;99.2;96.3;99.7;96.7;10;4;2022
2022-10-01;PF_O59;69;100.8;94.4;101.3;99.2;96.3;99.7;96.7;10;4;2022
2022-10-01;PF_O60;92;100.8;94.4;101.3;99.2;96.3;99.7;96.7;10;4;2022
2022-11-01;PF_A02;2;100.7;95.1;101.2;99.2;96.7;99.6;96.9;11;4;2022
2022-11-01;PF_A03;244;100.7;95.1;101.2;99.2;96.7;99.6;96.9;11;4;2022
2022-11-01;PF_A04;0;100.7;95.1;101.2;99.2;96.7;99.6;96.9;11;4;2022
2022-11-01;PF_B05;137;100.7;95.1;101.2;99.2;96.7;99.6;96.9;11;4;2022
2022-11-01;PF_B06;13;100.7;95.1;101.2;99.2;96.7;99.6;96.9;11;4;2022
2022-11-01;PF_N55;91;100.7;95.1;101.2;99.2;96.7;99.6;96.9;11;4;2022
2022-11-01;PF_O57;218;100.7;95.1;101.2;99.2;96.7;99.6;96.9;11;4;2022
2022-11-01;PF_O58;5988;100.7;95.1;101.2;99.2;96.7;99.6;96.9;11;4;2022
2022-11-01;PF_O59;54;100.7;95.1;101.2;99.2;96.7;99.6;96.9;11;4;2022
2022-11-01;PF_O60;91;100.7;95.1;101.2;99.2;96.7;99.6;96.9;11;4;2022
2022-12-01;PF_A02;0;100.7;95.7;101.2;99.3;97.3;99.6;97.2;12;4;2022
2022-12-01;PF_A03;261;100.7;95.7;101.2;99.3;97.3;99.6;97.2;12;4;2022
2022-12-01;PF_A04;0;100.7;95.7;101.2;99.3;97.3;99.6;97.2;12;4;2022
2022-12-01;PF_B05;111;100.7;95.7;101.2;99.3;97.3;99.6;97.2;12;4;2022
2022-12-01;PF_B06;14;100.7;95.7;101.2;99.3;97.3;99.6;97.2;12;4;2022
2022-12-01;PF_N55;93;100.7;95.7;101.2;99.3;97.3;99.6;97.2;12;4;2022
2022-12-01;PF_O57;206;100.7;95.7;101.2;99.3;97.3;99.6;97.2;12;4;2022
2022-12-01;PF_O58;4885;100.7;95.7;101.2;99.3;97.3;99.6;97.2;12;4;2022
2022-12-01;PF_O59;50;100.7;95.7;101.2;99.3;97.3;99.6;97.2;12;4;2022
2022-12-01;PF_O60;85;100.7;95.7;101.2;99.3;97.3;99.6;97.2;12;4;2022
2023-01-01;PF_A02;10;100.8;96.3;101.2;99.5;97.8;99.6;97.5;1;1;2023
2023-01-01;PF_A03;264;100.8;96.3;101.2;99.5;97.8;99.6;97.5;1;1;2023
2023-01-01;PF_A04;0;100.8;96.3;101.2;99.5;97.8;99.6;97.5;1;1;2023
2023-01-01;PF_B05;124;100.8;96.3;101.2;99.5;97.8;99.6;97.5;1;1;2023
2023-01-01;PF_B06;15;100.8;96.3;101.2;99.5;97.8;99.6;97.5;1;1;2023
2023-01-01;PF_N55;130;100.8;96.3;101.2;99.5;97.8;99.6;97.5;1;1;2023
2023-01-01;PF_O57;238;100.8;96.3;101.2;99.5;97.8;99.6;97.5;1;1;2023
2023-01-01;PF_O58;6766;100.8;96.3;101.2;99.5;97.8;99.6;97.5;1;1;2023
2023-01-01;PF_O59;68;100.8;96.3;101.2;99.5;97.8;99.6;97.5;1;1;2023
2023-01-01;PF_O60;85;100.8;96.3;101.2;99.5;97.8;99.6;97.5;1;1;2023
2023-02-01;PF_A02;1;100.7;96.7;101.1;99.6;98.3;99.6;97.7;2;1;2023
2023-02-01;PF_A03;263;100.7;96.7;101.1;99.6;98.3;99.6;97.7;2;1;2023
2023-02-01;PF_A04;0;100.7;96.7;101.1;99.6;98.3;99.6;97.7;2;1;2023
2023-02-01;PF_B05;107;100.7;96.7;101.1;99.6;98.3;99.6;97.7;2;1;2023
2023-02-01;PF_B06;28;100.7;96.7;101.1;99.6;98.3;99.6;97.7;2;1;2023
2023-02-01;PF_N55;82;100.7;96.7;101.1;99.6;98.3;99.6;97.7;2;1;2023
2023-02-01;PF_O57;208;100.7;96.7;101.1;99.6;98.3;99.6;97.7;2;1;2023
2023-02-01;PF_O58;6285;100.7;96.7;101.1;99.6;98.3;99.6;97.7;2;1;2023
2023-02-01;PF_O59;38;100.7;96.7;101.1;99.6;98.3;99.6;97.7;2;1;2023
2023-02-01;PF_O60;86;100.7;96.7;101.1;99.6;98.3;99.6;97.7;2;1;2023
2023-03-01;PF_A02;25;100.5;97.0;100.9;99.6;98.6;99.5;97.9;3;1;2023
2023-03-01;PF_A03;201;100.5;97.0;100.9;99.6;98.6;99.5;97.9;3;1;2023
2023-03-01;PF_A04;4;100.5;97.0;100.9;99.6;98.6;99.5;97.9;3;1;2023
2023-03-01;PF_B05;119;100.5;97.0;100.9;99.6;98.6;99.5;97.9;3;1;2023
2023-03-01;PF_B06;38;100.5;97.0;100.9;99.6;98.6;99.5;97.9;3;1;2023
2023-03-01;PF_N55;122;100.5;97.0;100.9;99.6;98.6;99.5;97.9;3;1;2023
2023-03-01;PF_O57;214;100.5;97.0;100.9;99.6;98.6;99.5;97.9;3;1;2023
2023-03-01;PF_O58;6130;100.5;97.0;100.9;99.6;98.6;99.5;97.9;3;1;2023
2023-03-01;PF_O59;55;100.5;97.0;100.9;99.6;98.6;99.5;97.9;3;1;2023
2023-03-01;PF_O60;85;100.5;97.0;100.9;99.6;98.6;99.5;97.9;3;1;2023
2023-04-01;PF_A02;10;100.2;97.4;100.6;99.6;98.9;99.4;98.1;4;2;2023
2023-04-01;PF_A03;251;100.2;97.4;100.6;99.6;98.9;99.4;98.1;4;2;2023
2023-04-01;PF_A04;0;100.2;97.4;100.6;99.6;98.9;99.4;98.1;4;2;2023
2023-04-01;PF_B05;132;100.2;97.4;100.6;99.6;98.9;99.4;98.1;4;2;2023
2023-04-01;PF_B06;14;100.2;97.4;100.6;99.6;98.9;99.4;98.1;4;2;2023
2023-04-01;PF_N55;91;100.2;97.4;100.6;99.6;98.9;99.4;98.1;4;2;2023
2023-04-01;PF_O57;231;100.2;97.4;100.6;99.6;98.9;99.4;98.1;4;2;2023
2023-04-01;PF_O58;6820;100.2;97.4;100.6;99.6;98.9;99.4;98.1;4;2;2023
2023-04-01;PF_O59;47;100.2;97.4;100.6;99.6;98.9;99.4;98.1;4;2;2023
2023-04-01;PF_O60;86;100.2;97.4;100.6;99.6;98.9;99.4;98.1;4;2;2023
2023-05-01;PF_A02;9;99.8;97.7;100.2;99.4;99.0;99.3;98.3;5;2;2023
2023-05-01;PF_A03;279;99.8;97.7;100.2;99.4;99.0;99.3;98.3;5;2;2023
2023-05-01;PF_A04;8;99.8;97.7;100.2;99.4;99.0;99.3;98.3;5;2;2023
2023-05-01;PF_B05;122;99.8;97.7;100.2;99.4;99.0;99.3;98.3;5;2;2023
2023-05-01;PF_B06;14;99.8;97.7;100.2;99.4;99.0;99.3;98.3;5;2;2023
2023-05-01;PF_N55;105;99.8;97.7;100.2;99.4;99.0;99.3;98.3;5;2;2023
2023-05-01;PF_O57;228;99.8;97.7;100.2;99.4;99.0;99.3;98.3;5;2;2023
2023-05-01;PF_O58;5957;99.8;97.7;100.2;99.4;99.0;99.3;98.3;5;2;2023
2023-05-01;PF_O59;50;99.8;97.7;100.2;99.4;99.0;99.3;98.3;5;2;2023
2023-05-01;PF_O60;86;99.8;97.7;100.2;99.4;99.0;99.3;98.3;5;2;2023
2023-06-01;PF_A02;19;99.5;98.0;99.8;99.2;99.0;99.3;98.5;6;2;2023
2023-06-01;PF_A03;187;99.5;98.0;99.8;99.2;99.0;99.3;98.5;6;2;2023
2023-06-01;PF_A04;0;99.5;98.0;99.8;99.2;99.0;99.3;98.5;6;2;2023
2023-06-01;PF_B05;155;99.5;98.0;99.8;99.2;99.0;99.3;98.5;6;2;2023
2023-06-01;PF_B06;14;99.5;98.0;99.8;99.2;99.0;99.3;98.5;6;2;2023
2023-06-01;PF_N55;116;99.5;98.0;99.8;99.2;99.0;99.3;98.5;6;2;2023
2023-06-01;PF_O57;225;99.5;98.0;99.8;99.2;99.0;99.3;98.5;6;2;2023
2023-06-01;PF_O58;5879;99.5;98.0;99.8;99.2;99.0;99.3;98.5;6;2;2023
2023-06-01;PF_O59;75;99.5;98.0;99.8;99.2;99.0;99.3;98.5;6;2;2023
2023-06-01;PF_O60;87;99.5;98.0;99.8;99.2;99.0;99.3;98.5;6;2;2023
2023-07-01;PF_A02;12;99.2;98.1;99.4;99.0;98.9;99.3;98.6;7;3;2023
2023-07-01;PF_A03;245;99.2;98.1;99.4;99.0;98.9;99.3;98.6;7;3;2023
2023-07-01;PF_A04;0;99.2;98.1;99.4;99.0;98.9;99.3;98.6;7;3;2023
2023-07-01;PF_B05;131;99.2;98.1;99.4;99.0;98.9;99.3;98.6;7;3;2023
2023-07-01;PF_B06;64;99.2;98.1;99.4;99.0;98.9;99.3;98.6;7;3;2023
2023-07-01;PF_N55;102;99.2;98.1;99.4;99.0;98.9;99.3;98.6;7;3;2023
2023-07-01;PF_O57;233;99.2;98.1;99.4;99.0;98.9;99.3;98.6;7;3;2023
2023-07-01;PF_O58;6601;99.2;98.1;99.4;99.0;98.9;99.3;98.6;7;3;2023
2023-07-01;PF_O59;56;99.2;98.1;99.4;99.0;98.9;99.3;98.6;7;3;2023
2023-07-01;PF_O60;83;99.2;98.1;99.4;99.0;98.9;99.3;98.6;7;3;2023
2023-08-01;PF_A02;10;99.1;98.0;99.1;98.9;98.7;99.3;98.5;8;3;2023
2023-08-01;PF_A03;188;99.1;98.0;99.1;98.9;98.7;99.3;98.5;8;3;2023
2023-08-01;PF_A04;0;99.1;98.0;99.1;98.9;98.7;99.3;98.5;8;3;2023
2023-08-01;PF_B05;129;99.1;98.0;99.1;98.9;98.7;99.3;98.5;8;3;2023
2023-08-01;PF_B06;16;99.1;98.0;99.1;98.9;98.7;99.3;98.5;8;3;2023
2023-08-01;PF_N55;110;99.1;98.0;99.1;98.9;98.7;99.3;98.5;8;3;2023
2023-08-01;PF_O57;233;99.1;98.0;99.1;98.9;98.7;99.3;98.5;8;3;2023
2023-08-01;PF_O58;6342;99.1;98.0;99.1;98.9;98.7;99.3;98.5;8;3;2023
2023-08-01;PF_O59;57;99.1;98.0;99.1;98.9;98.7;99.3;98.5;8;3;2023
2023-08-01;PF_O60;82;99.1;98.0;99.1;98.9;98.7;99.3;98.5;8;3;2023
2023-09-01;PF_A02;10;99.1;97.8;99.1;98.9;98.6;99.3;98.3;9;3;2023
2023-09-01;PF_A03;221;99.1;97.8;99.1;98.9;98.6;99.3;98.3;9;3;2023
2023-09-01;PF_A04;0;99.1;97.8;99.1;98.9;98.6;99.3;98.3;9;3;2023
2023-09-01;PF_B05;146;99.1;97.8;99.1;98.9;98.6;99.3;98.3;9;3;2023
2023-09-01;PF_B06;18;99.1;97.8;99.1;98.9;98.6;99.3;98.3;9;3;2023
2023-09-01;PF_N55;117;99.1;97.8;99.1;98.9;98.6;99.3;98.3;9;3;2023
2023-09-01;PF_O57;234;99.1;97.8;99.1;98.9;98.6;99.3;98.3;9;3;2023
2023-09-01;PF_O58;6139;99.1;97.8;99.1;98.9;98.6;99.3;98.3;9;3;2023
2023-09-01;PF_O59;36;99.1;97.8;99.1;98.9;98.6;99.3;98.3;9;3;2023
2023-09-01;PF_O60;81;99.1;97.8;99.1;98.9;98.6;99.3;98.3;9;3;2023
2023-10-01;PF_A02;0;99.2;97.8;99.1;98.9;98.5;99.2;98.2;10;4;2023
2023-10-01;PF_A03;207;99.2;97.8;99.1;98.9;98.5;99.2;98.2;10;4;2023
2023-10-01;PF_A04;0;99.2;97.8;99.1;98.9;98.5;99.2;98.2;10;4;2023
2023-10-01;PF_B05;121;99.2;97.8;99.1;98.9;98.5;99.2;98.2;10;4;2023
2023-10-01;PF_B06;16;99.2;97.8;99.1;98.9;98.5;99.2;98.2;10;4;2023
2023-10-01;PF_N55;103;99.2;97.8;99.1;98.9;98.5;99.2;98.2;10;4;2023
2023-10-01;PF_O57;221;99.2;97.8;99.1;98.9;98.5;99.2;98.2;10;4;2023
2023-10-01;PF_O58;5859;99.2;97.8;99.1;98.9;98.5;99.2;98.2;10;4;2023
2023-10-01;PF_O59;67;99.2;97.8;99.1;98.9;98.5;99.2;98.2;10;4;2023
2023-10-01;PF_O60;79;99.2;97.8;99.1;98.9;98.5;99.2;98.2;10;4;2023
2023-11-01;PF_A02;3;99.2;98.0;99.0;99.0;98.5;99.2;98.3;11;4;2023
2023-11-01;PF_A03;229;99.2;98.0;99.0;99.0;98.5;99.2;98.3;11;4;2023
2023-11-01;PF_A04;0;99.2;98.0;99.0;99.0;98.5;99.2;98.3;11;4;2023
2023-11-01;PF_B05;132;99.2;98.0;99.0;99.0;98.5;99.2;98.3;11;4;2023
2023-11-01;PF_B06;14;99.2;98.0;99.0;99.0;98.5;99.2;98.3;11;4;2023
2023-11-01;PF_N55;110;99.2;98.0;99.0;99.0;98.5;99.2;98.3;11;4;2023
2023-11-01;PF_O57;231;99.2;98.0;99.0;99.0;98.5;99.2;98.3;11;4;2023
2023-11-01;PF_O58;5366;99.2;98.0;99.0;99.0;98.5;99.2;98.3;11;4;2023
2023-11-01;PF_O59;39;99.2;98.0;99.0;99.0;98.5;99.2;98.3;11;4;2023
2023-11-01;PF_O60;78;99.2;98.0;99.0;99.0;98.5;99.2;98.3;11;4;2023
2023-12-01;PF_A02;1;99.2;98.3;99.0;99.1;98.6;99.3;98.7;12;4;2023
2023-12-01;PF_A03;229;99.2;98.3;99.0;99.1;98.6;99.3;98.7;12;4;2023
2023-12-01;PF_A04;0;99.2;98.3;99.0;99.1;98.6;99.3;98.7;12;4;2023
2023-12-01;PF_B05;140;99.2;98.3;99.0;99.1;98.6;99.3;98.7;12;4;2023
2023-12-01;PF_B06;16;99.2;98.3;99.0;99.1;98.6;99.3;98.7;12;4;2023
2023-12-01;PF_N55;92;99.2;98.3;99.0;99.1;98.6;99.3;98.7;12;4;2023
2023-12-01;PF_O57;210;99.2;98.3;99.0;99.1;98.6;99.3;98.7;12;4;2023
2023-12-01;PF_O58;4333;99.2;98.3;99.0;99.1;98.6;99.3;98.7;12;4;2023
2023-12-01;PF_O59;43;99.2;98.3;99.0;99.1;98.6;99.3;98.7;12;4;2023
2023-12-01;PF_O60;73;99.2;98.3;99.0;99.1;98.6;99.3;98.7;12;4;2023
2024-01-01;PF_A02;2;99.2;98.4;98.9;99.3;98.6;99.4;99.0;1;1;2024
2024-01-01;PF_A03;240;99.2;98.4;98.9;99.3;98.6;99.4;99.0;1;1;2024
2024-01-01;PF_A04;0;99.2;98.4;98.9;99.3;98.6;99.4;99.0;1;1;2024
2024-01-01;PF_B05;123;99.2;98.4;98.9;99.3;98.6;99.4;99.0;1;1;2024
2024-01-01;PF_B06;26;99.2;98.4;98.9;99.3;98.6;99.4;99.0;1;1;2024
2024-01-01;PF_N55;110;99.2;98.4;98.9;99.3;98.6;99.4;99.0;1;1;2024
2024-01-01;PF_O57;242;99.2;98.4;98.9;99.3;98.6;99.4;99.0;1;1;2024
2024-01-01;PF_O58;5488;99.2;98.4;98.9;99.3;98.6;99.4;99.0;1;1;2024
2024-01-01;PF_O59;54;99.2;98.4;98.9;99.3;98.6;99.4;99.0;1;1;2024
2024-01-01;PF_O60;77;99.2;98.4;98.9;99.3;98.6;99.4;99.0;1;1;2024
2024-02-01;PF_A02;2;99.2;98.6;98.8;99.5;98.8;99.5;99.2;2;1;2024
2024-02-01;PF_A03;228;99.2;98.6;98.8;99.5;98.8;99.5;99.2;2;1;2024
2024-02-01;PF_A04;0;99.2;98.6;98.8;99.5;98.8;99.5;99.2;2;1;2024
2024-02-01;PF_B05;127;99.2;98.6;98.8;99.5;98.8;99.5;99.2;2;1;2024
2024-02-01;PF_B06;17;99.2;98.6;98.8;99.5;98.8;99.5;99.2;2;1;2024
2024-02-01;PF_N55;107;99.2;98.6;98.8;99.5;98.8;99.5;99.2;2;1;2024
2024-02-01;PF_O57;211;99.2;98.6;98.8;99.5;98.8;99.5;99.2;2;1;2024
2024-02-01;PF_O58;5967;99.2;98.6;98.8;99.5;98.8;99.5;99.2;2;1;2024
2024-02-01;PF_O59;38;99.2;98.6;98.8;99.5;98.8;99.5;99.2;2;1;2024
2024-02-01;PF_O60;78;99.2;98.6;98.8;99.5;98.8;99.5;99.2;2;1;2024
2024-03-01;PF_A02;10;99.1;98.7;98.8;99.7;99.1;99.5;99.3;3;1;2024
2024-03-01;PF_A03;243;99.1;98.7;98.8;99.7;99.1;99.5;99.3;3;1;2024
2024-03-01;PF_A04;8;99.1;98.7;98.8;99.7;99.1;99.5;99.3;3;1;2024
2024-03-01;PF_B05;125;99.1;98.7;98.8;99.7;99.1;99.5;99.3;3;1;2024
2024-03-01;PF_B06;15;99.1;98.7;98.8;99.7;99.1;99.5;99.3;3;1;2024
2024-03-01;PF_N55;119;99.1;98.7;98.8;99.7;99.1;99.5;99.3;3;1;2024
2024-03-01;PF_O57;213;99.1;98.7;98.8;99.7;99.1;99.5;99.3;3;1;2024
2024-03-01;PF_O58;5616;99.1;98.7;98.8;99.7;99.1;99.5;99.3;3;1;2024
2024-03-01;PF_O59;38;99.1;98.7;98.8;99.7;99.1;99.5;99.3;3;1;2024
2024-03-01;PF_O60;80;99.1;98.7;98.8;99.7;99.1;99.5;99.3;3;1;2024
2024-04-01;PF_A02;10;99.1;98.8;98.8;100.0;99.5;99.6;99.2;4;2;2024
2024-04-01;PF_A03;215;99.1;98.8;98.8;100.0;99.5;99.6;99.2;4;2;2024
2024-04-01;PF_A04;8;99.1;98.8;98.8;100.0;99.5;99.6;99.2;4;2;2024
2024-04-01;PF_B05;120;99.1;98.8;98.8;100.0;99.5;99.6;99.2;4;2;2024
2024-04-01;PF_B06;17;99.1;98.8;98.8;100.0;99.5;99.6;99.2;4;2;2024
2024-04-01;PF_N55;105;99.1;98.8;98.8;100.0;99.5;99.6;99.2;4;2;2024
2024-04-01;PF_O57;228;99.1;98.8;98.8;100.0;99.5;99.6;99.2;4;2;2024
2024-04-01;PF_O58;6546;99.1;98.8;98.8;100.0;99.5;99.6;99.2;4;2;2024
2024-04-01;PF_O59;33;99.1;98.8;98.8;100.0;99.5;99.6;99.2;4;2;2024
2024-04-01;PF_O60;81;99.1;98.8;98.8;100.0;99.5;99.6;99.2;4;2;2024
2024-05-01;PF_A02;16;99.0;98.9;98.8;100.3;99.8;99.5;99.0;5;2;2024
2024-05-01;PF_A03;222;99.0;98.9;98.8;100.3;99.8;99.5;99.0;5;2;2024
2024-05-01;PF_A04;0;99.0;98.9;98.8;100.3;99.8;99.5;99.0;5;2;2024
2024-05-01;PF_B05;109;99.0;98.9;98.8;100.3;99.8;99.5;99.0;5;2;2024
2024-05-01;PF_B06;15;99.0;98.9;98.8;100.3;99.8;99.5;99.0;5;2;2024
2024-05-01;PF_N55;106;99.0;98.9;98.8;100.3;99.8;99.5;99.0;5;2;2024
2024-05-01;PF_O57;222;99.0;98.9;98.8;100.3;99.8;99.5;99.0;5;2;2024
2024-05-01;PF_O58;5938;99.0;98.9;98.8;100.3;99.8;99.5;99.0;5;2;2024
2024-05-01;PF_O59;51;99.0;98.9;98.8;100.3;99.8;99.5;99.0;5;2;2024
2024-05-01;PF_O60;81;99.0;98.9;98.8;100.3;99.8;99.5;99.0;5;2;2024
