date;% WEIGHTED ILI;%UNWEIGHTED ILI;AGE 0-4;AGE 5-24;ILITOTAL;NUM. OF PROVIDERS;OT;week;month;quarter;year
2002-01-01;1.22262;1.16668;582;805;2060;754;176569;1;1;1;2002
2002-01-08;1.33344;1.2165;683;872;2267;785;186355;2;1;1;2002
2002-01-15;1.31929;1.13057;642;878;2176;831;192469;3;1;1;2002
2002-01-22;1.49484;1.25246;728;1045;2599;863;207512;4;1;1;2002
2002-01-29;1.47195;1.30237;823;1189;2907;909;223208;5;1;1;2002
2002-02-05;1.58094;1.40551;887;1272;3225;930;229454;6;2;1;2002
2002-02-12;1.49426;1.38437;851;1173;3097;923;223712;7;2;1;2002
2002-02-19;1.40569;1.32563;802;1166;2967;922;223818;8;2;1;2002
2002-02-26;1.6141;1.43475;834;978;2709;918;188814;9;2;1;2002
2002-03-05;1.45967;1.25433;857;1117;3049;937;243078;10;3;1;2002
2002-03-12;1.59896;1.25757;804;1179;2957;928;235136;11;3;1;2002
2002-03-19;2.16697;1.58017;951;1404;3416;908;216179;12;3;1;2002
2002-03-26;2.57842;1.98008;915;937;2857;865;144287;13;3;1;2002
2002-04-02;2.38636;1.90428;1028;1019;3260;879;171193;14;4;2;2002
2002-04-09;1.7362099999999998;1.5901;1068;1296;3729;926;234513;15;4;2;2002
2002-04-16;2.06296;1.81559;1154;1798;4204;902;231550;16;4;2;2002
2002-04-23;2.58113;2.41801;1373;2998;5696;927;235566;17;4;2;2002
2002-04-30;2.93909;2.86635;1411;4064;7079;884;246969;18;4;2;2002
2002-05-07;3.22539;3.16662;1606;4447;7782;889;245751;19;5;2;2002
2002-05-14;3.06982;3.0155;1568;4224;7649;903;253656;20;5;2;2002
2002-05-21;3.20044;2.9978;1694;3689;7228;871;241110;21;5;2;2002
2002-05-28;2.44888;2.31957;1336;2583;5606;857;241683;22;5;2;2002
2002-06-04;2.1344;1.94707;1015;2103;4450;839;228549;23;6;2;2002
2002-06-11;1.99866;1.72985;880;1669;3810;835;220250;24;6;2;2002
2002-06-18;1.93849;1.51837;737;1321;2987;795;196724;25;6;2;2002
2002-06-25;1.41293;1.22616;624;1016;2439;775;198913;26;6;2;2002
2002-07-02;1.23472;1.05433;506;846;2028;741;192349;27;7;3;2002
2002-07-09;1.20005;1.07108;569;799;2082;735;194383;28;7;3;2002
2002-07-16;0.910135;0.8261200000000001;440;539;1467;669;177577;29;7;3;2002
2002-07-23;0.932265;0.8205049999999999;429;508;1445;682;176111;30;7;3;2002
2002-07-30;0.692175;0.630846;275;444;1075;655;170406;31;7;3;2002
2002-08-06;0.6694060000000001;0.63935;215;471;1005;613;157191;32;8;3;2002
2002-08-13;0.727705;0.586609;248;283;836;547;142514;33;8;3;2002
2002-08-20;0.717701;0.7730239999999999;264;262;740;406;95728;34;8;3;2002
2002-08-27;0.7893939999999999;0.790743;213;205;641;393;81063;35;8;3;2002
2002-09-03;0.722129;0.711847;201;195;563;344;79090;36;9;3;2002
2002-09-10;0.591326;0.794637;198;187;620;341;78023;37;9;3;2002
2002-09-17;0.52307;0.586604;139;123;423;322;72110;38;9;3;2002
2002-09-24;0.4502359999999999;0.6159819999999999;122;124;441;322;71593;39;9;3;2002
2002-10-01;0.397421;0.4915069999999999;109;91;318;310;64699;40;10;4;2002
2002-10-08;0.448002;0.604341;137;141;441;308;72972;41;10;4;2002
2002-10-15;0.474767;0.524478;98;98;365;301;69593;42;10;4;2002
2002-10-22;0.453251;0.590692;112;139;420;302;71103;43;10;4;2002
2002-10-29;0.3521579999999999;0.505135;100;120;361;290;71466;44;10;4;2002
2002-11-05;0.5253220000000001;0.634271;136;125;443;295;69844;45;11;4;2002
2002-11-12;0.492991;0.610118;120;131;421;283;69003;46;11;4;2002
2002-11-19;0.542728;0.641227;159;144;450;277;70178;47;11;4;2002
2002-11-26;0.490347;0.661429;166;155;463;276;70000;48;11;4;2002
2002-12-03;0.7359140000000001;0.7926810000000001;177;182;519;271;65474;49;12;4;2002
2002-12-10;0.581771;0.639059;145;184;475;267;74328;50;12;4;2002
2002-12-17;0.654162;0.636732;136;183;461;264;72401;51;12;4;2002
2002-12-24;0.749504;0.747829;135;221;533;268;71273;52;12;4;2002
2002-12-31;0.884021;0.960873;808;881;2442;830;254144;1;12;4;2002
2003-01-07;1.02773;1.04325;913;1132;2932;931;281045;2;1;1;2003
2003-01-14;1.28296;1.0545;878;1147;3031;974;287436;3;1;1;2003
2003-01-21;1.32661;1.11231;1006;1369;3475;1007;312412;4;1;1;2003
2003-01-28;1.7730400000000002;1.41274;1207;2080;4690;1074;331980;5;1;1;2003
2003-02-04;2.43814;1.7270299999999998;1542;2735;5790;1111;335258;6;2;1;2003
2003-02-11;2.72605;2.407;2185;4133;8385;1141;348359;7;2;1;2003
2003-02-18;3.73192;3.10962;2561;5684;11141;1129;358275;8;2;1;2003
2003-02-25;4.54894;4.30779;3247;4933;11742;1118;272576;9;2;1;2003
2003-03-04;5.39906;4.8303;4734;7817;18948;1189;392274;10;3;1;2003
2003-03-11;7.38735;6.42905;6620;11550;24962;1173;388269;11;3;1;2003
2003-03-18;7.48097;6.86734;6434;9851;23699;1148;345097;12;3;1;2003
2003-03-25;7.627969999999999;7.064960000000001;5336;5231;16415;1122;232344;13;3;1;2003
2003-04-01;5.14051;4.55115;3391;2894;11332;1139;248992;14;4;2;2003
2003-04-08;2.89129;2.41833;1930;2299;7602;1160;314349;15;4;2;2003
2003-04-15;2.10429;1.80906;1679;1857;5583;1141;308614;16;4;2;2003
2003-04-22;1.88696;1.71202;1721;1604;4961;1084;289774;17;4;2;2003
2003-04-29;1.7766;1.5425;1487;1543;4436;1071;287586;18;4;2;2003
2003-05-06;1.46001;1.43787;1454;1448;4251;1054;295646;19;5;2;2003
2003-05-13;1.3778700000000002;1.32427;1420;1297;3824;986;288762;20;5;2;2003
2003-05-20;1.30532;1.30726;1301;1255;3691;1004;282347;21;5;2;2003
2003-05-27;1.08691;1.03698;956;1038;2916;948;281202;22;5;2;2003
2003-06-03;0.991888;1.01032;925;910;2744;894;271597;23;6;2;2003
2003-06-10;1.02765;1.05249;878;888;2708;897;257294;24;6;2;2003
2003-06-17;1.0579;1.02009;730;826;2487;849;243802;25;6;2;2003
2003-06-24;0.849361;0.924419;760;733;2300;859;248805;26;6;2;2003
2003-07-01;0.7471270000000001;0.7906449999999999;610;611;1858;828;234998;27;7;3;2003
2003-07-08;0.661708;0.80261;583;566;1705;774;212432;28;7;3;2003
2003-07-15;0.6795140000000001;0.8361299999999999;545;573;1749;755;209178;29;7;3;2003
2003-07-22;0.633071;0.7924359999999999;501;511;1615;679;203802;30;7;3;2003
2003-07-29;0.569894;0.683588;470;404;1331;658;194708;31;7;3;2003
2003-08-05;0.591357;0.757452;435;491;1394;629;184038;32;8;3;2003
2003-08-12;0.589044;0.7885850000000001;449;443;1327;599;168276;33;8;3;2003
2003-08-19;0.6786399999999999;0.812171;451;380;1262;553;155386;34;8;3;2003
2003-08-26;0.637558;0.804463;375;349;1070;463;133008;35;8;3;2003
2003-09-02;0.8133090000000001;0.8777010000000001;391;308;1061;452;120884;36;9;3;2003
2003-09-09;0.834551;0.741453;355;309;987;443;133117;37;9;3;2003
2003-09-16;0.616174;0.661022;307;240;851;426;128740;38;9;3;2003
2003-09-23;0.513286;0.715109;277;284;887;423;124037;39;9;3;2003
2003-09-30;0.351881;0.562241;238;183;698;408;124146;40;9;3;2003
2003-10-07;0.542621;0.786808;233;205;710;381;90238;41;10;4;2003
2003-10-14;0.581036;0.860658;249;280;836;378;97135;42;10;4;2003
2003-10-21;0.495486;0.689944;259;200;659;370;95515;43;10;4;2003
2003-10-28;0.6120899999999999;0.779691;260;230;719;363;92216;44;10;4;2003
2003-11-04;0.5314909999999999;0.6281439999999999;213;235;733;345;116693;45;11;4;2003
2003-11-11;0.519987;0.902459;243;256;809;334;89644;46;11;4;2003
2003-11-18;0.574476;0.806443;256;256;770;335;95481;47;11;4;2003
2003-11-25;0.663175;0.8748879999999999;259;265;799;333;91326;48;11;4;2003
2003-12-02;0.614691;0.993213;279;358;960;326;96656;49;12;4;2003
2003-12-09;0.6568229999999999;0.876141;281;309;913;337;104207;50;12;4;2003
2003-12-16;0.723016;0.948092;342;413;1122;341;118343;51;12;4;2003
2003-12-23;0.6918569999999999;0.926943;322;416;1089;336;117483;52;12;4;2003
2003-12-30;0.782758;0.971643;333;382;1116;364;114857;1;12;4;2003
2004-01-06;0.982275;0.897159;877;1256;3171;1176;353449;2;1;1;2004
2004-01-13;1.01821;1.0224799999999998;1071;1373;3631;1187;355116;3;1;1;2004
2004-01-20;1.1768;1.06296;1240;1534;4019;1267;378094;4;1;1;2004
2004-01-27;1.30121;1.14696;1190;1671;4369;1293;380921;5;1;1;2004
2004-02-03;1.27746;1.20495;1327;1718;4551;1302;377692;6;2;1;2004
2004-02-10;1.4038700000000002;1.3051700000000002;1497;1874;4969;1344;380718;7;2;1;2004
2004-02-17;1.40301;1.28699;1531;1874;4983;1336;387182;8;2;1;2004
2004-02-24;1.73975;1.59468;1490;1678;4713;1341;295546;9;2;1;2004
2004-03-02;1.56894;1.39714;1538;2059;5407;1369;387004;10;3;1;2004
2004-03-09;1.65927;1.44996;1551;2052;5428;1346;374356;11;3;1;2004
2004-03-16;1.81341;1.61745;1670;2071;5755;1379;355806;12;3;1;2004
2004-03-23;2.37626;2.19112;1856;1807;5689;1288;259639;13;3;1;2004
2004-03-30;2.77052;2.56649;2252;1993;7279;1332;283617;14;3;1;2004
2004-04-06;2.40064;2.17645;2010;2450;8041;1383;369455;15;4;2;2004
2004-04-13;2.54155;2.20171;2188;2982;8323;1342;378024;16;4;2;2004
2004-04-20;2.85871;2.53012;2199;3682;9328;1348;368678;17;4;2;2004
2004-04-27;3.55011;3.06524;2747;5364;12422;1334;405254;18;4;2;2004
2004-05-04;4.58591;3.98061;3086;7650;16192;1303;406772;19;5;2;2004
2004-05-11;5.05809;4.595680000000001;3626;8854;19369;1324;421461;20;5;2;2004
2004-05-18;5.44151;4.75197;3834;8400;19931;1330;419426;21;5;2;2004
2004-05-25;4.4729;4.17962;3720;6759;16630;1280;397883;22;5;2;2004
2004-06-01;3.6752;3.45359;2997;5343;13234;1268;383196;23;6;2;2004
2004-06-08;3.3353;3.15852;2728;4494;11601;1227;367292;24;6;2;2004
2004-06-15;2.7622400000000003;2.6732;2416;3513;9502;1185;355454;25;6;2;2004
2004-06-22;2.46844;2.35161;2145;2771;7900;1148;335940;26;6;2;2004
2004-06-29;2.00081;1.89243;1827;2133;6329;1103;334438;27;6;2;2004
2004-07-06;1.54319;1.5249;1422;1737;4816;1048;315823;28;7;3;2004
2004-07-13;1.50195;1.41134;1356;1603;4445;1000;314948;29;7;3;2004
2004-07-20;1.22918;1.25068;1096;1469;3825;978;305833;30;7;3;2004
2004-07-27;1.21854;1.20702;1117;1411;3646;971;302065;31;7;3;2004
2004-08-03;1.15832;1.07895;903;1136;2990;923;277120;32;8;3;2004
2004-08-10;1.249;1.14521;979;1115;3012;878;263009;33;8;3;2004
2004-08-17;1.16888;1.06124;805;926;2531;825;238494;34;8;3;2004
2004-08-24;1.0788799999999998;1.0568;687;695;2056;687;194550;35;8;3;2004
2004-08-31;1.23059;1.25193;693;678;2099;637;167661;36;8;3;2004
2004-09-07;1.14747;1.01419;548;594;1744;603;171960;37;9;3;2004
2004-09-14;1.00254;1.04197;573;507;1614;582;154899;38;9;3;2004
2004-09-21;0.957569;0.954027;580;507;1628;587;170645;39;9;3;2004
2004-09-28;0.8948370000000001;0.8482299999999999;497;452;1359;550;160216;40;9;3;2004
2004-10-05;0.798205;0.841872;426;390;1198;533;142302;41;10;4;2004
2004-10-12;0.757812;0.7308939999999999;389;361;1148;524;157068;42;10;4;2004
2004-10-19;0.8259629999999999;0.713432;333;364;1068;507;149699;43;10;4;2004
2004-10-26;0.744927;0.6706770000000001;328;327;990;492;147612;44;10;4;2004
2004-11-02;0.787049;0.689278;331;326;982;488;142468;45;11;4;2004
2004-11-09;0.684724;0.704929;319;350;1023;479;145121;46;11;4;2004
2004-11-16;0.7473609999999999;0.615903;330;326;928;480;150673;47;11;4;2004
2004-11-23;0.673974;0.609426;292;311;922;428;151290;48;11;4;2004
2004-11-30;0.869662;0.6802590000000001;342;367;1033;420;151854;49;11;4;2004
2004-12-07;0.8995290000000001;0.7754880000000001;338;396;1061;416;136817;50;12;4;2004
2004-12-14;0.854635;0.6834210000000001;302;383;1026;408;150127;51;12;4;2004
2004-12-21;1.01123;0.781075;368;516;1219;419;156067;52;12;4;2004
2004-12-28;0.977808;0.8069430000000001;381;484;1204;447;149205;53;12;4;2004
2005-01-04;1.1777799999999998;1.07635;1172;1256;3586;1113;333164;1;1;1;2005
2005-01-11;1.21947;1.05869;1285;1247;3582;1160;338343;2;1;1;2005
2005-01-18;1.3069;1.11523;1393;1525;4122;1216;369609;3;1;1;2005
2005-01-25;1.33931;1.12381;1439;1599;4248;1237;377999;4;1;1;2005
2005-02-01;1.58374;1.25489;1639;1894;5005;1280;398840;5;2;1;2005
2005-02-08;1.47072;1.33661;1563;1929;5038;1272;376924;6;2;1;2005
2005-02-15;1.6112;1.37864;1679;1951;5276;1277;382697;7;2;1;2005
2005-02-22;1.82699;1.60829;1666;1593;4802;1301;298578;8;2;1;2005
2005-03-01;1.77482;1.48311;1858;2176;5966;1325;402264;9;3;1;2005
2005-03-08;1.94451;1.6537400000000002;1987;2463;6371;1328;385248;10;3;1;2005
2005-03-15;2.35512;2.00679;2241;3063;7697;1318;383548;11;3;1;2005
2005-03-22;3.10878;2.56857;2696;3058;8577;1287;333921;12;3;1;2005
2005-03-29;3.2823800000000003;3.05278;2678;2561;8842;1273;289638;13;3;1;2005
2005-04-05;2.62914;2.42504;2422;2366;8339;1319;343871;14;4;2;2005
2005-04-12;2.2515;2.00195;2272;2921;7882;1339;393716;15;4;2;2005
2005-04-19;2.35858;2.0586900000000004;2249;3150;7858;1297;381699;16;4;2;2005
2005-04-26;2.41881;2.21277;2643;3646;9114;1331;411882;17;4;2;2005
2005-05-03;2.52752;2.3222;2612;4153;9551;1320;411291;18;5;2;2005
2005-05-10;2.64954;2.4927900000000003;2754;4593;10427;1311;418286;19;5;2;2005
2005-05-17;3.12935;2.79489;2624;4979;11226;1288;401661;20;5;2;2005
2005-05-24;3.12442;2.96911;2753;5284;11901;1288;400827;21;5;2;2005
2005-05-31;3.13099;2.8395900000000003;2579;5008;11343;1275;399459;22;5;2;2005
2005-06-07;3.08261;2.77799;2564;5106;11261;1257;405365;23;6;2;2005
2005-06-14;2.64431;2.47287;2330;4154;9322;1241;376971;24;6;2;2005
2005-06-21;2.42295;2.18061;1895;3709;8064;1217;369804;25;6;2;2005
2005-06-28;2.31141;2.0168;1697;3393;7313;1165;362605;26;6;2;2005
2005-07-05;1.86383;1.64101;1437;2660;5738;1133;349662;27;7;3;2005
2005-07-12;1.44943;1.35829;1181;2014;4547;1087;334760;28;7;3;2005
2005-07-19;1.30227;1.1428;959;1479;3550;1045;310641;29;7;3;2005
2005-07-26;1.13459;1.04031;836;1382;3177;1017;305389;30;7;3;2005
2005-08-02;1.06255;0.964347;745;1208;2780;958;288278;31;8;3;2005
2005-08-09;1.03428;0.937982;745;1039;2592;919;276338;32;8;3;2005
2005-08-16;1.01791;0.947449;715;969;2428;877;256267;33;8;3;2005
2005-08-23;0.918151;0.891918;699;764;2061;783;231075;34;8;3;2005
2005-08-30;0.93099;0.864643;572;561;1645;649;190252;35;8;3;2005
2005-09-06;0.857294;0.97032;754;626;2075;635;213847;36;9;3;2005
2005-09-13;0.7862939999999999;0.84439;514;447;1430;615;169353;37;9;3;2005
2005-09-20;0.719426;0.77487;463;409;1300;610;167770;38;9;3;2005
2005-09-27;0.7188680000000001;0.8213719999999999;466;390;1271;572;154741;39;9;3;2005
2005-10-04;0.774807;0.8727450000000001;437;402;1215;565;139216;40;10;4;2005
2005-10-11;0.76598;0.922635;549;511;1617;577;175259;41;10;4;2005
2005-10-18;0.642809;0.899487;541;440;1553;564;172654;42;10;4;2005
2005-10-25;0.622033;0.843082;502;403;1455;564;172581;43;10;4;2005
2005-11-01;0.616326;0.8818239999999999;508;430;1428;551;161937;44;11;4;2005
2005-11-08;0.6856939999999999;0.817145;473;435;1373;547;168024;45;11;4;2005
2005-11-15;0.6226970000000001;0.8715;510;466;1457;536;167183;46;11;4;2005
2005-11-22;0.611817;0.738621;404;379;1138;503;154071;47;11;4;2005
2005-11-29;0.638831;0.797966;398;457;1224;488;153390;48;11;4;2005
2005-12-06;0.8066270000000001;1.01394;492;506;1463;491;144289;49;12;4;2005
2005-12-13;0.7624479999999999;0.880936;446;521;1406;487;159603;50;12;4;2005
2005-12-20;0.8134060000000001;0.943366;511;534;1487;455;157627;51;12;4;2005
2005-12-27;0.807934;0.891546;476;512;1433;469;160732;52;12;4;2005
2006-01-03;1.15384;1.2032200000000002;1434;1699;4513;1323;375076;1;1;1;2006
2006-01-10;1.14819;1.05788;1278;1602;4072;1361;384920;2;1;1;2006
2006-01-17;1.22736;1.13054;1543;1830;4737;1425;419005;3;1;1;2006
2006-01-24;1.21744;1.12552;1582;1996;4888;1445;434287;4;1;1;2006
2006-01-31;1.32813;1.2080799999999998;1672;2270;5380;1473;445334;5;1;1;2006
2006-02-07;1.47754;1.34952;2112;2393;6139;1497;454901;6;2;1;2006
2006-02-14;1.5339;1.4689;2355;2681;6668;1474;453945;7;2;1;2006
2006-02-21;1.91269;1.82767;2188;2202;6156;1488;336822;8;2;1;2006
2006-02-28;1.838;1.6656;2573;2792;7530;1486;452089;9;2;1;2006
2006-03-07;1.95376;1.85968;2643;3244;8122;1493;436741;10;3;1;2006
2006-03-14;2.40407;2.38891;3270;4470;10396;1492;435177;11;3;1;2006
2006-03-21;2.87453;2.78978;3387;4065;10192;1435;365334;12;3;1;2006
2006-03-28;3.02597;3.1154900000000003;3243;2868;8913;1359;286087;13;3;1;2006
2006-04-04;2.37817;2.26942;2927;2481;8386;1490;369521;14;4;2;2006
2006-04-11;2.09232;1.86355;2507;2756;7761;1467;416464;15;4;2;2006
2006-04-18;2.29396;1.99986;2548;3248;7909;1470;395477;16;4;2;2006
2006-04-25;2.74501;2.4406;3410;4684;10888;1495;446119;17;4;2;2006
2006-05-02;3.04434;2.83018;3456;5648;12120;1472;428241;18;5;2;2006
2006-05-09;3.49999;3.12343;3840;6995;14197;1484;454533;19;5;2;2006
2006-05-16;3.57851;3.27019;3879;6668;14031;1461;429057;20;5;2;2006
2006-05-23;3.28979;3.17757;3728;6537;14048;1460;442099;21;5;2;2006
2006-05-30;2.89149;2.72364;3016;5429;11801;1428;433281;22;5;2;2006
2006-06-06;2.62075;2.50201;2798;4937;10715;1408;428255;23;6;2;2006
2006-06-13;2.5338700000000003;2.4272;2668;4031;9597;1361;395394;24;6;2;2006
2006-06-20;2.07251;1.96041;2049;3307;7562;1333;385735;25;6;2;2006
2006-06-27;1.87084;1.5914;1664;2508;6148;1303;386327;26;6;2;2006
2006-07-04;1.40042;1.36978;1445;1803;4958;1284;361955;27;7;3;2006
2006-07-11;1.46887;1.36317;1429;1821;4869;1240;357183;28;7;3;2006
2006-07-18;1.15514;1.1737;1257;1523;4179;1206;356055;29;7;3;2006
2006-07-25;1.07901;1.06358;1152;1386;3695;1152;347413;30;7;3;2006
2006-08-01;0.98492;0.969711;969;1143;3077;1119;317311;31;8;3;2006
2006-08-08;1.03325;0.965362;917;1055;2860;1057;296262;32;8;3;2006
2006-08-15;0.926649;0.856749;815;861;2442;1025;285031;33;8;3;2006
2006-08-22;0.9201;0.863346;761;785;2243;925;259803;34;8;3;2006
2006-08-29;0.954094;0.93537;722;652;2058;831;220020;35;8;3;2006
2006-09-05;0.763278;0.7455689999999999;628;510;1679;796;225197;36;9;3;2006
2006-09-12;0.81722;0.740428;598;469;1614;771;217982;37;9;3;2006
2006-09-19;0.764586;0.6728970000000001;521;441;1456;749;216378;38;9;3;2006
2006-09-26;0.793127;0.6662819999999999;514;408;1455;742;218376;39;9;3;2006
2006-10-03;0.66909;0.662747;394;360;1169;711;176387;40;10;4;2006
2006-10-10;0.62115;0.545619;366;372;1086;697;199040;41;10;4;2006
2006-10-17;0.6036590000000001;0.5862310000000001;446;345;1211;698;206574;42;10;4;2006
2006-10-24;0.649058;0.660687;477;392;1356;691;205241;43;10;4;2006
2006-10-31;0.568338;0.534093;321;311;1037;677;194161;44;10;4;2006
2006-11-07;0.651546;0.585549;389;385;1172;667;200154;45;11;4;2006
2006-11-14;0.652176;0.618075;439;411;1283;666;207580;46;11;4;2006
2006-11-21;0.8038489999999999;0.687465;495;457;1448;671;210629;47;11;4;2006
2006-11-28;0.787458;0.715696;502;500;1526;652;213219;48;11;4;2006
2006-12-05;0.943263;0.829313;519;545;1554;641;187384;49;12;4;2006
2006-12-12;0.946932;0.800912;496;682;1694;638;211509;50;12;4;2006
2006-12-19;0.987146;0.918484;609;681;1913;632;208278;51;12;4;2006
2006-12-26;1.05206;0.8142590000000001;729;788;2228;703;273623;52;12;4;2006
2007-01-02;0.995184;1.07197;2187;1997;5641;1373;526227;1;1;1;2007
2007-01-09;1.22003;1.21786;2387;2433;6444;1429;529126;2;1;1;2007
2007-01-16;1.28548;1.24576;2583;2551;6941;1449;557172;3;1;1;2007
2007-01-23;1.3775;1.35984;2871;2788;7434;1477;546680;4;1;1;2007
2007-01-30;1.46725;1.44671;3074;2998;7915;1485;547104;5;1;1;2007
2007-02-06;1.55841;1.53286;3398;3303;8687;1539;566717;6;2;1;2007
2007-02-13;1.61958;1.6665299999999998;3563;3290;9104;1516;546284;7;2;1;2007
2007-02-20;1.8112;1.97488;3651;2631;8570;1523;433951;8;2;1;2007
2007-02-27;1.61865;1.67305;3679;3158;9171;1513;548159;9;2;1;2007
2007-03-06;1.62124;1.63405;3365;2907;8436;1487;516263;10;3;1;2007
2007-03-13;1.6735099999999998;1.74595;3298;2694;8091;1453;463416;11;3;1;2007
2007-03-20;1.95096;1.93643;3580;2724;8750;1420;451862;12;3;1;2007
2007-03-27;2.5001900000000004;2.48905;3848;2348;8902;1426;357646;13;3;1;2007
2007-04-03;2.43939;2.25405;3737;2568;9706;1486;430603;14;4;2;2007
2007-04-10;2.29319;2.09147;3393;3644;11115;1509;531444;15;4;2;2007
2007-04-17;2.62907;2.35934;3664;4900;12197;1511;516966;16;4;2;2007
2007-04-24;3.92966;3.32331;4289;7661;17171;1508;516683;17;4;2;2007
2007-05-01;4.99202;4.43381;5222;11974;24812;1514;559609;18;5;2;2007
2007-05-08;5.7776;5.34547;6059;15323;31896;1526;596692;19;5;2;2007
2007-05-15;5.98318;5.42258;6244;14336;31625;1518;583210;20;5;2;2007
2007-05-22;5.61677;5.303030000000001;5922;12783;30245;1497;570334;21;5;2;2007
2007-05-29;4.5323400000000005;4.24456;4978;9958;25027;1453;589626;22;5;2;2007
2007-06-05;3.83249;3.628;4420;7849;20254;1445;558269;23;6;2;2007
2007-06-12;3.21522;3.03463;3878;6112;16714;1412;550776;24;6;2;2007
2007-06-19;2.69245;2.53595;3153;4493;13040;1395;514205;25;6;2;2007
2007-06-26;2.03366;2.0573;2689;3395;10376;1379;504350;26;6;2;2007
2007-07-03;1.65275;1.7415;2372;2697;8583;1327;492850;27;7;3;2007
2007-07-10;1.3113;1.40652;2045;2354;7045;1318;500881;28;7;3;2007
2007-07-17;1.1652;1.26861;1857;2013;6079;1288;479187;29;7;3;2007
2007-07-24;1.02035;1.07719;1572;1713;4953;1208;459808;30;7;3;2007
2007-07-31;0.877607;0.993445;1466;1416;4224;1147;425187;31;7;3;2007
2007-08-07;0.8251069999999999;0.911212;1356;1381;4011;1098;440183;32;8;3;2007
2007-08-14;0.787315;0.972109;1439;1274;3904;1074;401601;33;8;3;2007
2007-08-21;0.805439;0.993258;1393;1116;3646;945;367075;34;8;3;2007
2007-08-28;0.8860610000000001;1.09132;1473;1083;3803;869;348477;35;8;3;2007
2007-09-04;0.743743;0.888446;1159;906;2933;789;330127;36;9;3;2007
2007-09-11;0.706842;0.887691;1113;886;2906;764;327366;37;9;3;2007
2007-09-18;0.655943;0.883187;1115;855;2842;755;321789;38;9;3;2007
2007-09-25;0.633492;0.8267559999999999;937;810;2534;730;306499;39;9;3;2007
2007-10-02;0.571837;0.783201;913;762;2405;713;307073;40;10;4;2007
2007-10-09;0.5582779999999999;0.78061;881;749;2431;710;311423;41;10;4;2007
2007-10-16;0.597893;0.769073;826;703;2319;696;301532;42;10;4;2007
2007-10-23;0.577222;0.721298;779;704;2166;694;300292;43;10;4;2007
2007-10-30;0.5969869999999999;0.7525270000000001;788;763;2289;676;304175;44;10;4;2007
2007-11-06;0.564653;0.752721;679;706;2220;668;294930;45;11;4;2007
2007-11-13;0.5856819999999999;0.792766;789;745;2368;657;298701;46;11;4;2007
2007-11-20;0.503985;0.743896;730;754;2237;657;300714;47;11;4;2007
2007-11-27;0.468139;0.814166;794;892;2429;636;298342;48;11;4;2007
2007-12-04;0.576455;0.8384010000000001;774;880;2461;666;293535;49;12;4;2007
2007-12-11;0.681361;0.851124;859;994;2788;685;327567;50;12;4;2007
2007-12-18;0.794764;1.10976;1062;1527;3735;679;336560;51;12;4;2007
2007-12-25;0.868116;1.03114;983;1306;3400;716;329731;52;12;4;2007
2008-01-01;1.06828;1.02284;1535;2352;5687;1435;555999;1;1;1;2008
2008-01-08;1.00756;1.03017;1861;2291;5959;1500;578446;2;1;1;2008
2008-01-15;0.979399;1.01245;1869;2219;5896;1525;582351;3;1;1;2008
2008-01-22;1.04943;1.08359;1976;2474;6485;1527;598473;4;1;1;2008
2008-01-29;1.13218;1.1657799999999998;2119;2547;6987;1545;599343;5;1;1;2008
2008-02-05;1.13156;1.1913;2276;2668;7297;1555;612526;6;2;1;2008
2008-02-12;1.15469;1.28075;2512;2854;7667;1555;598635;7;2;1;2008
2008-02-19;1.20448;1.27053;2600;2828;7733;1563;608646;8;2;1;2008
2008-02-26;1.36081;1.59578;3024;2412;7634;1523;478386;9;2;1;2008
2008-03-04;1.30322;1.4585;3114;2913;8708;1551;597052;10;3;1;2008
2008-03-11;1.30204;1.49921;3252;3024;8689;1543;579573;11;3;1;2008
2008-03-18;1.45109;1.62982;3137;2579;7812;1416;479318;12;3;1;2008
2008-03-25;1.79927;2.15561;3897;2367;8706;1484;403876;13;3;1;2008
2008-04-01;2.12134;2.02053;3814;2042;8603;1490;425780;14;4;2;2008
2008-04-08;1.47138;1.54566;3245;2548;8956;1539;579428;15;4;2;2008
2008-04-15;1.61555;1.64224;3142;3345;9289;1512;565631;16;4;2;2008
2008-04-22;1.95333;1.96524;3602;4597;11456;1566;582932;17;4;2;2008
2008-04-29;2.4290700000000003;2.34368;4039;6602;14324;1554;611176;18;4;2;2008
2008-05-06;2.96686;2.86057;4606;8882;18268;1580;638613;19;5;2;2008
2008-05-13;3.57354;3.3421;5064;11215;21667;1569;648304;20;5;2;2008
2008-05-20;3.3665300000000005;3.20566;4848;9851;20022;1543;624583;21;5;2;2008
2008-05-27;3.2962;3.10049;4694;10092;20450;1544;659573;22;5;2;2008
2008-06-03;3.17227;2.95819;4420;9116;18441;1534;623389;23;6;2;2008
2008-06-10;2.5804;2.46381;4046;7446;15711;1524;637672;24;6;2;2008
2008-06-17;2.42922;2.19272;3657;6036;13277;1494;605503;25;6;2;2008
2008-06-24;1.99028;1.87395;3237;5052;11400;1470;608342;26;6;2;2008
2008-07-01;1.72423;1.64817;2829;4283;9669;1440;586651;27;7;3;2008
2008-07-08;1.60355;1.49878;2577;3407;8460;1422;564460;28;7;3;2008
2008-07-15;1.28418;1.29233;2371;2761;7222;1415;558837;29;7;3;2008
2008-07-22;1.2932;1.27164;2353;2855;7348;1445;577836;30;7;3;2008
2008-07-29;2.74012;2.98159;4821;8043;18627;1405;624734;31;7;3;2008
2008-08-05;2.22391;2.43702;3920;6221;14578;1422;598189;32;8;3;2008
2008-08-12;1.76657;2.2813;3236;5888;12554;1372;550300;33;8;3;2008
2008-08-19;1.92171;3.81572;4188;12026;20774;1331;544432;34;8;3;2008
2008-08-26;1.8611;4.21315;4496;12461;22394;1314;531526;35;8;3;2008
2008-09-02;1.68423;3.1783200000000003;3865;8615;17105;1305;538177;36;9;3;2008
2008-09-09;1.7393;2.50972;3072;5660;12392;1296;493761;37;9;3;2008
2008-09-16;1.83001;2.06632;2623;4740;10780;1280;521701;38;9;3;2008
2008-09-23;1.58128;1.71805;2299;3700;8801;1279;512268;39;9;3;2008
2008-09-30;1.4917200000000002;1.55965;2145;2893;7422;1237;475877;40;9;3;2008
2008-10-07;1.389;1.30856;1701;2481;6290;1246;480680;41;10;4;2008
2008-10-14;1.34702;1.18695;1581;2437;5964;1248;502466;42;10;4;2008
2008-10-21;1.16056;1.13796;1608;2285;5735;1248;503971;43;10;4;2008
2008-10-28;1.2085;1.15005;1519;2199;5587;1254;485804;44;10;4;2008
2008-11-04;1.15544;1.1126200000000002;1651;2082;5526;1230;496666;45;11;4;2008
2008-11-11;1.14518;1.16142;1645;2321;5877;1234;506019;46;11;4;2008
2008-11-18;1.4664;1.64107;2167;4210;8941;1286;544827;47;11;4;2008
2008-11-25;2.38017;2.47166;2883;8253;14556;1320;588916;48;11;4;2008
2008-12-02;3.44681;3.71969;3713;13114;21350;1358;573972;49;12;4;2008
2008-12-09;4.05315;3.94975;4087;13407;22561;1367;571201;50;12;4;2008
2008-12-16;4.26621;4.08756;4445;15326;26091;1380;638302;51;12;4;2008
2008-12-23;4.21579;4.01897;4462;14152;24454;1313;608464;52;12;4;2008
2008-12-30;4.8861;4.603619999999999;4974;16291;27919;1331;606458;1;12;4;2008
2009-01-06;6.06923;5.66087;9302;27406;48420;2056;855346;2;1;1;2009
2009-01-13;7.09467;6.81522;11527;32585;58196;2134;853912;3;1;1;2009
2009-01-20;7.7151;7.618889999999999;13187;39364;69068;2162;906536;4;1;1;2009
2009-01-27;7.55134;7.38836;13174;36860;66411;2167;898860;5;1;1;2009
2009-02-03;6.6711800000000006;6.33927;12161;30860;57017;2197;899425;6;2;1;2009
2009-02-10;5.20633;4.94349;10151;21112;42729;2191;864348;7;2;1;2009
2009-02-17;4.04477;3.80996;8979;14652;32520;2157;853552;8;2;1;2009
2009-02-24;3.49722;3.44106;7716;8237;22508;2146;654101;9;2;1;2009
2009-03-03;2.69023;2.66773;7195;7988;21730;2122;814550;10;3;1;2009
2009-03-10;2.47119;2.47183;6490;7218;19325;2093;781811;11;3;1;2009
2009-03-17;2.44773;2.345;6275;5785;17081;2014;728401;12;3;1;2009
2009-03-24;2.64594;2.71435;6078;4127;14575;1934;536961;13;3;1;2009
2009-03-31;2.61567;2.67667;6598;3726;15613;1937;583299;14;3;1;2009
2009-04-07;1.90712;1.98284;4998;3961;14299;1996;721138;15;4;2;2009
2009-04-14;1.86738;1.82749;4877;4614;14088;2016;770895;16;4;2;2009
2009-04-21;1.88072;1.92606;5399;5079;14757;2053;766177;17;4;2;2009
2009-04-28;1.96908;1.92495;5333;5655;15122;2026;785580;18;4;2;2009
2009-05-05;2.11387;2.08877;5816;6142;16037;1996;767773;19;5;2;2009
2009-05-12;2.09695;2.0343400000000003;5496;5577;15381;1977;756068;20;5;2;2009
2009-05-19;1.90294;1.97649;5388;5536;15065;1954;762208;21;5;2;2009
2009-05-26;1.96951;1.99362;5040;6207;16087;1990;806925;22;5;2;2009
2009-06-02;1.92331;1.85383;4281;5685;14486;1953;781411;23;6;2;2009
2009-06-09;1.89659;1.8673;4612;5270;14354;1946;768702;24;6;2;2009
2009-06-16;1.75181;1.69987;4063;4466;12601;1933;741293;25;6;2;2009
2009-06-23;1.52632;1.49741;3625;4108;11191;1917;747358;26;6;2;2009
2009-06-30;1.4957200000000002;1.45112;3408;3733;10359;1875;713863;27;6;2;2009
2009-07-07;1.2231299999999998;1.20715;3090;2933;8813;1850;730068;28;7;3;2009
2009-07-14;1.17754;1.17415;3117;3110;8801;1831;749563;29;7;3;2009
2009-07-21;1.09112;1.1620700000000002;2921;3044;8362;1765;719580;30;7;3;2009
2009-07-28;1.11958;1.17213;3081;2972;8440;1755;720054;31;7;3;2009
2009-08-04;1.08169;1.12168;2781;2901;7914;1710;705551;32;8;3;2009
2009-08-11;1.12497;1.14981;2851;2645;7697;1664;669414;33;8;3;2009
2009-08-18;1.06197;1.1332799999999998;2816;2553;7603;1624;670887;34;8;3;2009
2009-08-25;1.08909;1.08171;2636;2188;6853;1497;633532;35;8;3;2009
2009-09-01;1.1776;1.19959;2413;2172;6595;1421;549773;36;9;3;2009
2009-09-08;0.97493;0.952808;2147;1831;5755;1435;604004;37;9;3;2009
2009-09-15;0.987132;0.916032;1975;1784;5316;1405;580329;38;9;3;2009
2009-09-22;0.995991;0.926582;2027;1779;5334;1384;575664;39;9;3;2009
2009-09-29;0.904726;0.8696200000000001;1754;1541;4718;1347;542536;40;9;3;2009
2009-10-06;0.941927;0.903133;1753;1566;4691;1353;519414;41;10;4;2009
2009-10-13;0.880415;0.773776;1458;1450;4234;1284;547187;42;10;4;2009
2009-10-20;0.842615;0.7427739999999999;1323;1335;3950;1265;531790;43;10;4;2009
2009-10-27;0.858382;0.730934;1290;1279;3850;1250;526723;44;10;4;2009
2009-11-03;0.83383;0.786882;1381;1357;4077;1241;518121;45;11;4;2009
2009-11-10;0.8474370000000001;0.763051;1378;1307;4008;1212;525260;46;11;4;2009
2009-11-17;0.888273;0.841043;1485;1592;4518;1225;537190;47;11;4;2009
2009-11-24;0.765372;0.791573;1520;1592;4420;1235;558382;48;11;4;2009
2009-12-01;0.91858;0.912732;1564;1866;5007;1170;548573;49;12;4;2009
2009-12-08;1.01432;1.03398;1850;1959;5493;1198;531250;50;12;4;2009
2009-12-15;1.01233;0.934009;1720;2118;5510;1210;589930;51;12;4;2009
2009-12-22;1.11803;1.08189;2134;2510;6741;1206;623077;52;12;4;2009
2009-12-29;1.11806;1.06563;1995;2383;6387;1254;599366;53;12;4;2009
2010-01-05;1.10939;1.13505;2627;3142;8473;1838;746485;1;1;1;2010
2010-01-12;1.24341;1.25256;2953;3522;9347;1875;746230;2;1;1;2010
2010-01-19;1.25726;1.2457;3044;3641;9684;1907;777397;3;1;1;2010
2010-01-26;1.25734;1.26774;3226;3822;9904;1929;781234;4;1;1;2010
2010-02-02;1.43414;1.43723;3451;4397;11020;1947;766753;5;2;1;2010
2010-02-09;1.5183799999999998;1.53341;3927;4679;11807;1940;769982;6;2;1;2010
2010-02-16;1.61617;1.69445;4416;5322;13336;1921;787038;7;2;1;2010
2010-02-23;1.84378;1.9915;4598;4145;12079;1938;606527;8;2;1;2010
2010-03-02;1.72535;1.81305;5045;4978;13997;1964;772016;9;3;1;2010
2010-03-09;1.87923;2.01426;5060;5867;14958;1936;742606;10;3;1;2010
2010-03-16;2.3371;2.5565900000000004;6300;7194;18022;1916;704923;11;3;1;2010
2010-03-23;3.03533;3.38185;7295;7071;19899;1840;588406;12;3;1;2010
2010-03-30;3.136;3.43172;7478;5764;20346;1887;592880;13;3;1;2010
2010-04-06;2.53336;2.69151;6584;6342;20026;1923;744043;14;4;2;2010
2010-04-13;2.91288;2.91063;6238;7773;20721;1921;711908;15;4;2;2010
2010-04-20;3.44497;3.49232;7247;11243;26257;1964;751850;16;4;2;2010
2010-04-27;4.16185;4.0037;8007;15291;31975;1947;798637;17;4;2;2010
2010-05-04;4.55159;4.43534;8195;16366;34284;1970;772974;18;5;2;2010
2010-05-11;4.46504;4.24215;8036;16516;34456;1961;812230;19;5;2;2010
2010-05-18;4.55124;4.39719;8172;17493;36567;1910;831600;20;5;2;2010
2010-05-25;4.0822;3.90256;7839;13718;31277;1908;801449;21;5;2;2010
2010-06-01;3.38812;3.15073;6376;10496;24627;1860;781629;22;6;2;2010
2010-06-08;2.99142;2.72422;5691;8427;20377;1829;747993;23;6;2;2010
2010-06-15;2.61542;2.33336;5363;6702;17309;1823;741807;24;6;2;2010
2010-06-22;2.09065;1.925;4400;5489;14031;1790;728883;25;6;2;2010
2010-06-29;1.86146;1.75243;4189;5025;12957;1770;739375;26;6;2;2010
2010-07-06;1.61377;1.57704;3701;4557;11498;1723;729089;27;7;3;2010
2010-07-13;1.42199;1.35766;3164;3562;9391;1681;691707;28;7;3;2010
2010-07-20;1.3382;1.31223;3139;3064;8695;1651;662612;29;7;3;2010
2010-07-27;1.19995;1.14937;2895;2673;7830;1612;681240;30;7;3;2010
2010-08-03;1.14889;1.11451;2532;2553;7307;1585;655627;31;8;3;2010
2010-08-10;1.12194;1.10984;2551;2595;7236;1556;651983;32;8;3;2010
2010-08-17;1.06712;1.0524;2353;2280;6530;1516;620485;33;8;3;2010
2010-08-24;1.0505799999999998;1.03536;2213;2110;6072;1381;586460;34;8;3;2010
2010-08-31;1.15203;1.1177700000000002;2249;1980;5946;1357;531954;35;8;3;2010
2010-09-07;0.970975;0.982949;2040;1760;5547;1296;564322;36;9;3;2010
2010-09-14;0.894683;0.925194;1812;1599;4989;1279;539238;37;9;3;2010
2010-09-21;0.843568;0.8355309999999999;1604;1422;4448;1251;532356;38;9;3;2010
2010-09-28;0.815409;0.832393;1472;1462;4218;1225;506732;39;9;3;2010
2010-10-05;0.823052;0.855591;1423;1269;4009;1211;468565;40;10;4;2010
2010-10-12;0.674635;0.7069489999999999;1255;1206;3721;1220;526346;41;10;4;2010
2010-10-19;0.631883;0.694387;1243;1184;3597;1203;518011;42;10;4;2010
2010-10-26;0.641513;0.687976;1251;1188;3538;1179;514262;43;10;4;2010
2010-11-02;0.529813;0.6447430000000001;1088;1125;3202;1175;496632;44;11;4;2010
2010-11-09;0.644089;0.67533;1207;1223;3523;1175;521671;45;11;4;2010
2010-11-16;0.667718;0.72823;1342;1358;3874;1191;531975;46;11;4;2010
2010-11-23;0.7056680000000001;0.8065260000000001;1505;1600;4444;1195;551005;47;11;4;2010
2010-11-30;0.8041550000000001;0.860408;1528;1781;4717;1200;548228;48;11;4;2010
2010-12-07;0.907804;0.936075;1622;1809;4813;1184;514168;49;12;4;2010
2010-12-14;1.00555;0.966683;1788;2206;5567;1196;575887;50;12;4;2010
2010-12-21;1.03601;0.996007;1816;2264;5822;1201;584534;51;12;4;2010
2010-12-28;1.0758299999999998;1.10846;2248;2514;6708;1213;605162;52;12;4;2010
2011-01-04;1.1609200000000002;1.20345;3106;3485;9365;1850;778182;1;1;1;2011
2011-01-11;1.19785;1.23777;3317;3667;9803;1883;791987;2;1;1;2011
2011-01-18;1.27926;1.25259;3324;3837;9958;1905;794995;3;1;1;2011
2011-01-25;1.29194;1.30546;3453;4035;10298;1900;788840;4;1;1;2011
2011-02-01;1.42824;1.45295;3634;4658;11396;1925;784334;5;2;1;2011
2011-02-08;1.39803;1.44089;3949;4348;11496;1946;797839;6;2;1;2011
2011-02-15;1.45831;1.46221;3923;4361;11721;1900;801594;7;2;1;2011
2011-02-22;1.56548;1.65573;4125;3340;10377;1918;626731;8;2;1;2011
2011-03-01;1.34313;1.46606;4237;3955;11479;1904;782984;9;3;1;2011
2011-03-08;1.48139;1.51811;3995;4040;11187;1898;736905;10;3;1;2011
2011-03-15;1.63398;1.66429;4579;4097;12137;1872;729258;11;3;1;2011
2011-03-22;1.83126;1.85274;5016;3535;11958;1851;645424;12;3;1;2011
2011-03-29;2.10451;2.12413;5243;3184;12356;1821;581697;13;3;1;2011
2011-04-05;1.73625;1.76709;4514;3393;11992;1891;678631;14;4;2;2011
2011-04-12;1.55066;1.5434;4059;3636;11543;1883;747894;15;4;2;2011
2011-04-19;1.62891;1.64762;4364;4030;11939;1887;724623;16;4;2;2011
2011-04-26;1.7603799999999998;1.6843;4766;4802;13209;1891;784244;17;4;2;2011
2011-05-03;1.92728;1.86354;5218;5336;14448;1885;775298;18;5;2;2011
2011-05-10;1.91994;1.86408;5028;5555;14624;1875;784516;19;5;2;2011
2011-05-17;2.09951;2.01839;5277;5994;15929;1884;789193;20;5;2;2011
2011-05-24;2.23973;2.10385;5246;5990;16137;1853;767022;21;5;2;2011
2011-05-31;2.21921;2.09555;5219;6239;16518;1826;788242;22;5;2;2011
2011-06-07;2.16693;2.10398;4811;6493;15763;1816;749198;23;6;2;2011
2011-06-14;2.38913;2.2941;5175;6768;17150;1819;747570;24;6;2;2011
2011-06-21;1.96466;1.92223;4422;5683;14524;1780;755579;25;6;2;2011
2011-06-28;1.84229;1.74239;3807;5256;13017;1753;747079;26;6;2;2011
2011-07-05;1.68674;1.6760099999999998;3582;4631;11930;1729;711808;27;7;3;2011
2011-07-12;1.53136;1.49637;3253;4059;10732;1707;717202;28;7;3;2011
2011-07-19;1.37912;1.38202;3001;4020;10123;1699;732480;29;7;3;2011
2011-07-26;1.29515;1.28926;2638;3802;9370;1675;726772;30;7;3;2011
2011-08-02;1.39521;1.3580299999999998;2509;3671;8999;1564;662649;31;8;3;2011
2011-08-09;1.32522;1.30833;2524;3468;8576;1546;655492;32;8;3;2011
2011-08-16;1.23059;1.26692;2465;3087;8062;1503;636347;33;8;3;2011
2011-08-23;1.2302799999999998;1.27731;2545;3011;7878;1415;616765;34;8;3;2011
2011-08-30;1.2687700000000002;1.2991;2480;2601;7153;1409;550614;35;8;3;2011
2011-09-06;1.10782;1.16297;2336;2352;6765;1365;581700;36;9;3;2011
2011-09-13;1.09559;1.08612;2231;2024;6133;1289;564670;37;9;3;2011
2011-09-20;1.11031;1.0568;2259;1974;6048;1295;572296;38;9;3;2011
2011-09-27;1.10616;1.07871;2168;1850;5786;1260;536380;39;9;3;2011
2011-10-04;1.10816;1.04662;1911;1706;5291;1271;505533;40;10;4;2011
2011-10-11;0.999444;0.928152;1913;1751;5185;1240;558637;41;10;4;2011
2011-10-18;0.924199;0.901936;1818;1640;4931;1223;546713;42;10;4;2011
2011-10-25;0.949257;0.915356;1752;1721;5103;1250;557488;43;10;4;2011
2011-11-01;0.978903;0.952548;1728;1706;5159;1240;541600;44;11;4;2011
2011-11-08;0.925024;0.916661;1660;1718;5026;1248;548294;45;11;4;2011
2011-11-15;0.848456;0.901787;1721;1755;5051;1238;560110;46;11;4;2011
2011-11-22;1.04451;1.03315;2098;2128;6141;1238;594395;47;11;4;2011
2011-11-29;1.0986;1.05238;1958;2335;6318;1238;600354;48;11;4;2011
2011-12-06;1.22071;1.12713;1886;2294;6296;1242;558585;49;12;4;2011
2011-12-13;1.24976;1.1866;2176;2870;7382;1252;622114;50;12;4;2011
2011-12-20;1.22892;1.21415;2295;2972;7656;1268;630563;51;12;4;2011
2011-12-27;1.29393;1.25198;2421;2867;7807;1248;623572;52;12;4;2011
2012-01-03;1.23034;1.20559;2773;3691;9395;1932;779285;1;1;1;2012
2012-01-10;1.3278;1.31929;2960;4007;10158;1940;769959;2;1;1;2012
2012-01-17;1.33995;1.3273700000000002;3202;4233;10585;1968;797444;3;1;1;2012
2012-01-24;1.37842;1.36688;3346;4268;10913;1958;798388;4;1;1;2012
2012-01-31;1.50085;1.50535;3326;4422;11061;1929;734781;5;1;1;2012
2012-02-07;1.65163;1.61273;3733;5145;12674;1974;785871;6;2;1;2012
2012-02-14;1.7674599999999998;1.75208;4034;5526;13623;1966;777534;7;2;1;2012
2012-02-21;2.30609;2.33365;4651;5387;14650;1968;627772;8;2;1;2012
2012-02-28;2.16324;2.2268;5102;7018;18521;2006;831730;9;2;1;2012
2012-03-06;2.83038;2.97657;6486;10857;24877;2006;835762;10;3;1;2012
2012-03-13;3.43761;3.62552;7446;12945;29432;1977;811800;11;3;1;2012
2012-03-20;4.305540000000001;4.5532;8546;13971;34332;1908;754019;12;3;1;2012
2012-03-27;6.06082;6.025980000000001;9709;11391;36588;1905;607171;13;3;1;2012
2012-04-03;4.64931;4.96368;8444;9108;34103;1982;687051;14;4;2;2012
2012-04-10;4.32584;4.69072;8297;13424;39896;1995;850531;15;4;2;2012
2012-04-17;4.5111300000000005;4.7047300000000005;8633;15992;39441;2008;838326;16;4;2;2012
2012-04-24;4.2171;4.1646;7441;13439;32426;1978;778610;17;4;2;2012
2012-05-01;3.78956;3.69533;6609;12653;29808;1963;806640;18;5;2;2012
2012-05-08;3.29206;3.2363;5757;10816;24987;1931;772086;19;5;2;2012
2012-05-15;3.0197;2.89421;5289;9395;22321;1926;771229;20;5;2;2012
2012-05-22;2.71499;2.71742;5099;8415;20519;1940;755092;21;5;2;2012
2012-05-29;2.4845;2.52297;4633;7981;19231;1893;762238;22;5;2;2012
2012-06-05;2.57808;2.55227;4791;7709;18829;1884;737736;23;6;2;2012
2012-06-12;2.39237;2.43225;4480;7065;17392;1846;715059;24;6;2;2012
2012-06-19;2.06778;2.10851;3957;6095;15254;1825;723449;25;6;2;2012
2012-06-26;1.90281;1.94725;3830;5204;13714;1811;704276;26;6;2;2012
2012-07-03;1.6590200000000002;1.74859;3516;4299;12273;1769;701881;27;7;3;2012
2012-07-10;1.43006;1.4971299999999998;3110;3929;10818;1742;722583;28;7;3;2012
2012-07-17;1.27757;1.32313;2707;3509;9188;1732;694415;29;7;3;2012
2012-07-24;1.19009;1.2264700000000002;2588;3364;8589;1711;700300;30;7;3;2012
2012-07-31;1.09556;1.19614;2439;3142;7986;1675;667648;31;7;3;2012
2012-08-07;1.08589;1.19049;2422;2877;7704;1630;647130;32;8;3;2012
2012-08-14;1.07343;1.17426;2431;2583;7317;1582;623114;33;8;3;2012
2012-08-21;1.0167700000000002;1.13342;2230;2219;6589;1489;581338;34;8;3;2012
2012-08-28;1.04847;1.14306;2109;2094;6190;1486;541528;35;8;3;2012
2012-09-04;0.920349;1.00881;1983;1779;5638;1421;558875;36;9;3;2012
2012-09-11;0.920779;1.02358;1969;1713;5539;1419;541138;37;9;3;2012
2012-09-18;0.904333;1.00138;1877;1766;5474;1405;546643;38;9;3;2012
2012-09-25;0.83057;0.909498;1703;1581;4915;1389;540408;39;9;3;2012
2012-10-02;0.8628370000000001;0.950042;1594;1489;4506;1357;474295;40;10;4;2012
2012-10-09;0.732182;0.829299;1576;1491;4510;1362;543833;41;10;4;2012
2012-10-16;0.724558;0.802109;1432;1405;4186;1341;521874;42;10;4;2012
2012-10-23;0.740848;0.806333;1416;1464;4233;1325;524969;43;10;4;2012
2012-10-30;0.726037;0.796937;1216;1284;3886;1290;487617;44;10;4;2012
2012-11-06;0.7556390000000001;0.7791359999999999;1367;1338;4075;1299;523015;45;11;4;2012
2012-11-13;0.761847;0.797653;1364;1366;4168;1276;522533;46;11;4;2012
2012-11-20;0.779896;0.825485;1331;1561;4317;1265;522965;47;11;4;2012
2012-11-27;0.8991379999999999;0.935469;1499;1814;5053;1260;540157;48;11;4;2012
2012-12-04;0.999524;1.04345;1681;2035;5626;1317;539175;49;12;4;2012
2012-12-11;1.0558;1.09107;1926;2437;6374;1307;584196;50;12;4;2012
2012-12-18;1.0967;1.20108;2175;2683;7110;1290;591969;51;12;4;2012
2012-12-25;1.24709;1.26179;2393;2963;7963;1364;631088;52;12;4;2012
2013-01-01;1.15746;1.13249;2974;3769;9677;1960;854487;1;1;1;2013
2013-01-08;1.27184;1.21121;3276;3925;10420;1990;860298;2;1;1;2013
2013-01-15;1.31623;1.25682;3483;3880;10658;2018;848016;3;1;1;2013
2013-01-22;1.37444;1.37097;3930;4484;12036;2027;877917;4;1;1;2013
2013-01-29;1.46781;1.42956;4045;4642;12502;2028;874537;5;1;1;2013
2013-02-05;1.5834;1.53588;4434;5062;13498;2017;878845;6;2;1;2013
2013-02-12;1.60253;1.60267;4643;5000;13927;2054;868987;7;2;1;2013
2013-02-19;1.72344;1.7326700000000002;4835;5579;15168;2012;875411;8;2;1;2013
2013-02-26;2.11076;2.09858;4937;4313;13975;2042;665926;9;2;1;2013
2013-03-05;2.1708;2.21374;5549;6579;18920;2055;854664;10;3;1;2013
2013-03-12;2.36971;2.4167400000000003;5501;7046;19398;2054;802651;11;3;1;2013
2013-03-19;3.15997;3.03071;6555;8406;24697;2009;814891;12;3;1;2013
2013-03-26;4.59053;4.38724;7814;7485;26988;2007;615148;13;3;1;2013
2013-04-02;4.28195;4.2112;7488;6726;28654;2033;680424;14;4;2;2013
2013-04-09;3.5628800000000003;3.46492;6233;7881;28147;2059;812343;15;4;2;2013
2013-04-16;3.36378;3.3169800000000005;6007;9517;28370;2049;855297;16;4;2;2013
2013-04-23;3.39659;3.2407;5878;8858;25502;2062;786928;17;4;2;2013
2013-04-30;3.11922;2.88598;5133;8714;23484;2051;813726;18;4;2;2013
2013-05-07;2.83572;2.6217200000000003;4729;7711;21085;2051;804244;19;5;2;2013
2013-05-14;2.48484;2.3406700000000003;4210;6717;18195;2018;777340;20;5;2;2013
2013-05-21;2.2741;2.12059;4250;6121;17234;2025;812700;21;5;2;2013
2013-05-28;2.0724400000000003;1.91094;3953;5875;15914;1978;832786;22;5;2;2013
2013-06-04;1.98207;1.9023;3775;5575;15044;1944;790831;23;6;2;2013
2013-06-11;1.82441;1.76619;3616;5022;14024;1904;794024;24;6;2;2013
2013-06-18;1.82036;1.85791;3798;5611;14926;1922;803374;25;6;2;2013
2013-06-25;1.75391;1.82094;3523;5812;14661;1887;805133;26;6;2;2013
2013-07-02;1.74542;1.83453;3582;5659;14637;1866;797863;27;7;3;2013
2013-07-09;1.6723599999999998;1.75446;3574;5587;14206;1845;809707;28;7;3;2013
2013-07-16;1.51659;1.51636;3130;4279;11723;1810;773101;29;7;3;2013
2013-07-23;1.4477799999999998;1.40334;2846;3770;10814;1771;770592;30;7;3;2013
2013-07-30;1.29028;1.2593;2501;3591;9648;1746;766139;31;7;3;2013
2013-08-06;1.37388;1.32482;2789;3615;9775;1714;737834;32;8;3;2013
2013-08-13;1.34208;1.27576;2544;3256;9033;1660;708049;33;8;3;2013
2013-08-20;1.34563;1.29483;2733;3068;8797;1570;679395;34;8;3;2013
2013-08-27;1.21291;1.2261;2528;2459;7658;1554;624582;35;8;3;2013
2013-09-03;1.19291;1.1453799999999998;2383;2349;7229;1461;631143;36;9;3;2013
2013-09-10;1.14146;1.0678;2227;2181;6783;1461;635233;37;9;3;2013
2013-09-17;1.06503;1.07269;2159;2009;6369;1392;593740;38;9;3;2013
2013-09-24;1.12669;1.01298;2049;1917;6038;1411;596063;39;9;3;2013
2013-10-01;0.947353;0.994705;1865;1688;5352;1388;538049;40;10;4;2013
2013-10-08;0.944187;0.880862;1758;1623;5295;1394;601116;41;10;4;2013
2013-10-15;0.934822;0.858173;1582;1621;5083;1376;592305;42;10;4;2013
2013-10-22;0.8173600000000001;0.8051520000000001;1455;1450;4765;1372;591814;43;10;4;2013
2013-10-29;0.852792;0.8187810000000001;1450;1655;4942;1378;603580;44;10;4;2013
2013-11-05;0.7469939999999999;0.7837350000000001;1460;1528;4744;1382;605307;45;11;4;2013
2013-11-12;0.7610979999999999;0.8487030000000001;1528;1631;4980;1369;586778;46;11;4;2013
2013-11-19;0.7676270000000001;0.8341459999999999;1569;1813;5305;1371;635980;47;11;4;2013
2013-11-26;0.862176;0.905981;1684;2184;5799;1353;640080;48;11;4;2013
2013-12-03;0.984907;1.04506;1753;2258;6050;1352;578913;49;12;4;2013
2013-12-10;1.16287;1.16816;2300;3316;8130;1401;695966;50;12;4;2013
2013-12-17;1.22731;1.27649;2535;3650;8888;1405;696282;51;12;4;2013
2013-12-24;1.2071;1.29758;2522;3447;8874;1407;683887;52;12;4;2013
2013-12-31;1.16191;1.20612;2958;3994;10150;1937;841540;1;12;4;2013
2014-01-07;1.30905;1.32485;3055;4437;10977;1960;828544;2;1;1;2014
2014-01-14;1.3707200000000002;1.41192;3442;4728;11941;2000;845727;3;1;1;2014
2014-01-21;1.43373;1.42547;3455;4955;12292;2008;862314;4;1;1;2014
2014-01-28;1.42791;1.43909;3632;5102;12313;2053;855608;5;1;1;2014
2014-02-04;1.61605;1.61532;4277;5799;13853;2058;857601;6;2;1;2014
2014-02-11;1.65976;1.6647299999999998;4424;5816;14062;1997;844700;7;2;1;2014
2014-02-18;2.05459;2.0058;4740;7322;16674;2058;831289;8;2;1;2014
2014-02-25;2.53541;2.62227;5432;6848;17602;2067;671251;9;2;1;2014
2014-03-04;2.54253;2.6074900000000003;6185;9106;22905;2097;878430;10;3;1;2014
2014-03-11;3.60563;3.4178;7424;13050;29172;2069;853532;11;3;1;2014
2014-03-18;4.90976;4.46555;9270;16418;37382;2016;837119;12;3;1;2014
2014-03-25;5.98221;6.11497;10363;13951;40533;1984;662849;13;3;1;2014
2014-04-01;5.47421;5.3097900000000005;9732;9406;36891;1983;694773;14;4;2;2014
2014-04-08;4.2137400000000005;4.0789800000000005;7160;9589;31483;1958;771835;15;4;2;2014
2014-04-15;4.21022;3.93762;7044;11966;31204;1971;792459;16;4;2;2014
2014-04-22;4.25968;4.15076;7840;13949;33221;1966;800359;17;4;2;2014
2014-04-29;3.97761;3.87899;7118;13159;30621;1955;789407;18;4;2;2014
2014-05-06;3.634430000000001;3.45794;6656;12093;28151;1950;814097;19;5;2;2014
2014-05-13;3.26527;3.06359;6429;10328;25218;1917;823153;20;5;2;2014
2014-05-20;2.93083;2.82646;5537;8164;21109;1907;746836;21;5;2;2014
2014-05-27;2.54474;2.3599;4823;7280;19178;1934;812660;22;5;2;2014
2014-06-03;2.47227;2.33472;4639;7116;18441;1912;789858;23;6;2;2014
2014-06-10;2.35665;2.21286;4710;6748;17833;1907;805881;24;6;2;2014
2014-06-17;2.17008;2.07619;4559;6084;16695;1883;804117;25;6;2;2014
2014-06-24;2.04297;2.01267;4418;6003;16122;1848;801027;26;6;2;2014
2014-07-01;1.954;1.94192;4174;5623;14975;1819;771143;27;7;3;2014
2014-07-08;1.72287;1.74809;3903;4634;13733;1820;785602;28;7;3;2014
2014-07-15;1.53694;1.50367;3448;4214;12044;1813;800974;29;7;3;2014
2014-07-22;1.38283;1.43494;3182;4011;10860;1768;756827;30;7;3;2014
2014-07-29;1.46265;1.45673;3203;4280;11095;1753;761638;31;7;3;2014
2014-08-05;1.38934;1.42836;3106;4079;10694;1735;748690;32;8;3;2014
2014-08-12;1.3468;1.35297;2805;3641;9671;1688;714799;33;8;3;2014
2014-08-19;1.25452;1.33093;2754;3296;9024;1622;678023;34;8;3;2014
2014-08-26;1.21636;1.28422;2593;2714;7913;1579;616171;35;8;3;2014
2014-09-02;1.16734;1.13889;2211;2345;6946;1505;609891;36;9;3;2014
2014-09-09;1.04654;1.10343;2109;2284;6744;1455;611184;37;9;3;2014
2014-09-16;0.943661;0.970748;1734;2046;5850;1459;602628;38;9;3;2014
2014-09-23;0.935046;0.998681;1897;1921;5913;1445;592081;39;9;3;2014
2014-09-30;0.934726;0.978057;1678;1701;5232;1417;534938;40;9;3;2014
2014-10-07;0.864118;0.866431;1546;1675;5116;1428;590468;41;10;4;2014
2014-10-14;0.806535;0.827757;1487;1609;4870;1411;588337;42;10;4;2014
2014-10-21;0.742747;0.7975720000000001;1383;1498;4626;1401;580010;43;10;4;2014
2014-10-28;0.737859;0.811221;1415;1459;4605;1352;567663;44;10;4;2014
2014-11-04;0.743224;0.8211649999999999;1392;1590;4753;1364;578812;45;11;4;2014
2014-11-11;0.805251;0.819435;1330;1667;4750;1340;579668;46;11;4;2014
2014-11-18;0.816943;0.8480409999999999;1429;1815;5173;1356;609994;47;11;4;2014
2014-11-25;0.8145180000000001;0.888524;1687;2033;5648;1362;635661;48;11;4;2014
2014-12-02;0.86067;0.962826;1636;2292;5963;1354;619323;49;12;4;2014
2014-12-09;0.886704;1.02252;1714;2169;5970;1349;583853;50;12;4;2014
2014-12-16;1.00845;1.08392;1993;2744;7062;1369;651524;51;12;4;2014
2014-12-23;1.06625;1.17724;2178;2947;7704;1367;654414;52;12;4;2014
2014-12-30;1.05995;1.1716;2170;2746;7626;1332;650904;1;12;4;2014
2015-01-06;1.22559;1.24325;2849;3693;10049;1963;808287;2;1;1;2015
2015-01-13;1.31066;1.3234;3016;4007;10715;1976;809660;3;1;1;2015
2015-01-20;1.3711;1.40399;3263;4360;11584;1995;825079;4;1;1;2015
2015-01-27;1.39171;1.37629;3141;4148;11164;1999;811165;5;1;1;2015
2015-02-03;1.4371200000000002;1.46866;3563;4783;12423;2048;845875;6;2;1;2015
2015-02-10;1.50165;1.533;3746;4725;12676;2028;826877;7;2;1;2015
2015-02-17;1.59805;1.60841;3960;5076;13484;2023;838344;8;2;1;2015
2015-02-24;1.89668;1.90047;3974;4073;12158;2000;639738;9;2;1;2015
2015-03-03;1.67728;1.73645;4469;5076;14617;2040;841777;10;3;1;2015
2015-03-10;1.78296;1.81945;4575;5384;14986;2020;823657;11;3;1;2015
2015-03-17;1.87336;1.96571;5135;5105;15396;2000;783227;12;3;1;2015
2015-03-24;2.32148;2.42021;5377;4317;14839;1978;613128;13;3;1;2015
2015-03-31;2.40991;2.41083;5700;4011;15679;1949;650356;14;3;1;2015
2015-04-07;1.94328;1.98859;4775;4494;15654;2004;787192;15;4;2;2015
2015-04-14;1.99796;1.98985;4574;5362;15517;2005;779809;16;4;2;2015
2015-04-21;2.11829;2.1071;4804;5380;15661;2008;743249;17;4;2;2015
2015-04-28;2.25112;2.19256;5088;6882;18143;2026;827482;18;4;2;2015
2015-05-05;2.37116;2.3001400000000003;5135;7353;18944;2007;823602;19;5;2;2015
2015-05-12;2.80035;2.67574;5645;8434;21774;2000;813755;20;5;2;2015
2015-05-19;3.16475;3.02427;5997;9325;24681;1993;816098;21;5;2;2015
2015-05-26;3.15183;3.11328;6299;10127;26423;1956;848718;22;5;2;2015
2015-06-02;3.3321;3.3278800000000004;6619;11415;28468;1952;855439;23;6;2;2015
2015-06-09;3.5602400000000003;3.5918;6660;11856;30481;1922;848628;24;6;2;2015
2015-06-16;3.05479;3.09262;5574;9334;24894;1898;804948;25;6;2;2015
2015-06-23;2.76732;2.78803;5187;8489;21940;1900;786936;26;6;2;2015
2015-06-30;2.44161;2.52371;4581;7392;19603;1832;776752;27;6;2;2015
2015-07-07;2.03348;2.12928;3707;6403;16769;1813;787543;28;7;3;2015
2015-07-14;1.98593;2.05142;3572;6595;16261;1805;792672;29;7;3;2015
2015-07-21;1.91514;1.98957;3515;6357;15437;1774;775895;30;7;3;2015
2015-07-28;1.69968;1.7858;3157;5557;13836;1759;774777;31;7;3;2015
2015-08-04;1.57635;1.60144;2772;4729;11870;1742;741210;32;8;3;2015
2015-08-11;1.3935;1.4743;2871;4046;10707;1690;726244;33;8;3;2015
2015-08-18;1.29941;1.42286;2688;3630;9798;1626;688612;34;8;3;2015
2015-08-25;1.18379;1.38196;2612;3126;8787;1439;635835;35;8;3;2015
2015-09-01;1.13723;1.33712;2545;2620;7997;1482;598077;36;9;3;2015
2015-09-08;1.04118;1.13894;2293;2313;7201;1446;632252;37;9;3;2015
2015-09-15;0.971814;1.09641;2189;2171;6768;1440;617287;38;9;3;2015
2015-09-22;0.8633059999999999;0.999559;2062;1905;6024;1402;602666;39;9;3;2015
2015-09-29;0.8337969999999999;0.99095;1873;1810;5686;1382;573793;40;9;3;2015
2015-10-06;0.784516;0.931253;1646;1641;5118;1379;549582;41;10;4;2015
2015-10-13;0.7343270000000001;0.843118;1610;1599;5078;1392;602288;42;10;4;2015
2015-10-20;0.6988449999999999;0.8402860000000001;1670;1621;5044;1388;600272;43;10;4;2015
2015-10-27;0.7230989999999999;0.8300649999999999;1580;1624;4925;1393;593327;44;10;4;2015
2015-11-03;0.663501;0.790428;1455;1496;4596;1360;581457;45;11;4;2015
2015-11-10;0.69276;0.8308260000000001;1512;1639;4868;1329;585923;46;11;4;2015
2015-11-17;0.710029;0.8567959999999999;1644;1914;5265;1345;614499;47;11;4;2015
2015-11-24;0.834232;1.00746;1848;2364;6260;1356;621362;48;11;4;2015
2015-12-01;0.992621;1.0586799999999998;1815;2651;6504;1354;614349;49;12;4;2015
2015-12-08;1.01605;1.10028;1883;2604;6623;1347;601938;50;12;4;2015
2015-12-15;1.07169;1.1457;2026;3073;7639;1365;666755;51;12;4;2015
2015-12-22;1.10163;1.2189;2341;3298;8229;1363;675119;52;12;4;2015
2015-12-29;1.18841;1.31113;2413;3334;8505;1389;648678;53;12;4;2015
2016-01-05;1.2019;1.27386;3110;4169;10864;1946;852842;1;1;1;2016
2016-01-12;1.23108;1.29342;3207;4078;10997;1973;850228;2;1;1;2016
2016-01-19;1.26796;1.33097;3564;4452;11926;1983;896035;3;1;1;2016
2016-01-26;1.36298;1.42662;3786;4769;12648;2006;886570;4;1;1;2016
2016-02-02;1.48535;1.57071;4314;5287;13790;1999;877947;5;2;1;2016
2016-02-09;1.55954;1.65146;4703;5193;14258;1990;863356;6;2;1;2016
2016-02-16;1.64783;1.7330900000000002;4979;5610;15160;2000;874739;7;2;1;2016
2016-02-23;1.91275;2.03388;5032;4567;14208;2011;698566;8;2;1;2016
2016-03-01;1.81725;1.88331;5209;5655;16605;2001;881694;9;3;1;2016
2016-03-08;1.91433;2.00292;5501;5812;16961;2013;846813;10;3;1;2016
2016-03-15;2.21003;2.27731;5744;6724;18463;2000;810736;11;3;1;2016
2016-03-22;2.73568;2.91465;6653;7469;21565;1977;739882;12;3;1;2016
2016-03-29;3.36832;3.5491900000000003;7712;7144;24900;1928;701569;13;3;1;2016
2016-04-05;3.09689;3.08102;6716;6786;24178;2024;784740;14;4;2;2016
2016-04-12;3.07346;3.01875;6020;8843;24897;1997;824746;15;4;2;2016
2016-04-19;3.51643;3.40446;6399;12147;28781;2029;845391;16;4;2;2016
2016-04-26;3.8027;3.52869;6958;14073;31265;2021;886023;17;4;2;2016
2016-05-03;4.5031300000000005;4.10665;7452;17482;36517;2024;889216;18;5;2;2016
2016-05-10;5.06308;4.7551;8110;20150;42890;2027;901978;19;5;2;2016
2016-05-17;4.8600900000000005;4.65163;7726;18692;41035;1967;882163;20;5;2;2016
2016-05-24;4.57916;4.57049;7649;17300;40124;1987;877892;21;5;2;2016
2016-05-31;3.55674;3.45522;6129;12394;30183;1995;873547;22;5;2;2016
2016-06-07;3.50417;3.29505;5854;11552;28060;1971;851580;23;6;2;2016
2016-06-14;3.21511;3.16426;5503;10084;25484;1958;805370;24;6;2;2016
2016-06-21;3.10088;3.14433;5514;11503;27354;1940;869946;25;6;2;2016
2016-06-28;2.79056;2.87936;5145;10149;24342;1899;845397;26;6;2;2016
2016-07-05;2.38547;2.36977;4488;8178;19677;1906;830332;27;7;3;2016
2016-07-12;1.9703;1.93853;3909;5847;15548;1861;802052;28;7;3;2016
2016-07-19;1.73442;1.64064;3306;4683;13006;1845;792740;29;7;3;2016
2016-07-26;1.56303;1.4752;2997;4497;11924;1846;808298;30;7;3;2016
2016-08-02;1.4128;1.37755;2890;4105;10762;1795;781240;31;8;3;2016
2016-08-09;1.27492;1.33771;2751;3831;10202;1767;762648;32;8;3;2016
2016-08-16;1.2834;1.34686;2685;3518;9809;1746;728288;33;8;3;2016
2016-08-23;1.1666299999999998;1.26579;2341;3060;8564;1614;676574;34;8;3;2016
2016-08-30;1.10977;1.25701;2311;2575;7756;1569;617021;35;8;3;2016
2016-09-06;1.04333;1.16048;2412;2377;7510;1493;647145;36;9;3;2016
2016-09-13;0.905151;1.04834;2049;2099;6636;1470;633003;37;9;3;2016
2016-09-20;0.902718;0.992711;1930;1971;6240;1469;628582;38;9;3;2016
2016-09-27;0.8595309999999999;0.961603;1771;1748;5596;1422;581945;39;9;3;2016
2016-10-04;0.818998;0.955818;1728;1564;5326;1456;557219;40;10;4;2016
2016-10-11;0.752505;0.8275969999999999;1545;1578;4961;1405;599446;41;10;4;2016
2016-10-18;0.731146;0.811886;1549;1421;4747;1384;584688;42;10;4;2016
2016-10-25;0.733295;0.818527;1576;1515;4879;1377;596071;43;10;4;2016
2016-11-01;0.73102;0.829758;1529;1485;4899;1390;590413;44;11;4;2016
2016-11-08;0.68834;0.8285030000000001;1559;1481;4915;1386;593239;45;11;4;2016
2016-11-15;0.732049;0.8858959999999999;1603;1691;5230;1350;590363;46;11;4;2016
2016-11-22;0.911188;1.05351;1964;2549;6653;1379;631507;47;11;4;2016
2016-11-29;1.02105;1.11768;2076;2726;7133;1370;638196;48;11;4;2016
2016-12-06;1.09495;1.14028;2073;2488;7072;1384;620201;49;12;4;2016
2016-12-13;1.09475;1.13326;2372;2942;8304;1485;732755;50;12;4;2016
2016-12-20;1.09775;1.17589;2544;3075;8563;1484;728214;51;12;4;2016
2016-12-27;1.18882;1.23848;2840;3201;9079;1468;733077;52;12;4;2016
2017-01-03;1.26589;1.2802;3849;4556;12839;2220;1002892;1;1;1;2017
2017-01-10;1.30479;1.33123;4118;4453;13267;2245;996595;2;1;1;2017
2017-01-17;1.34075;1.40786;4408;4993;14319;2266;1017076;3;1;1;2017
2017-01-24;1.51674;1.5722;5006;5531;15832;2266;1006998;4;1;1;2017
2017-01-31;1.74583;1.7032599999999998;5219;6134;17069;2222;1002140;5;1;1;2017
2017-02-07;1.88708;1.86636;6126;6671;19057;2288;1021079;6;2;1;2017
2017-02-14;2.05923;2.07647;6880;7577;21892;2296;1054290;7;2;1;2017
2017-02-21;2.27971;2.33593;6945;5875;19816;2271;848314;8;2;1;2017
2017-02-28;2.28379;2.24637;7008;7474;23752;2279;1057350;9;2;1;2017
2017-03-07;2.58278;2.49504;7229;8488;24955;2272;1000183;10;3;1;2017
2017-03-14;3.3655800000000005;3.2005;8285;11259;31502;2262;984283;11;3;1;2017
2017-03-21;4.73117;4.43807;10447;14166;42782;2211;963978;12;3;1;2017
2017-03-28;5.70943;5.46361;11335;11540;45255;2132;828299;13;3;1;2017
2017-04-04;5.746580000000001;5.35765;9410;11717;47269;2243;882271;14;4;2;2017
2017-04-11;5.89207;5.524369999999999;10053;17357;56761;2257;1027466;15;4;2;2017
2017-04-18;6.51759;6.345280000000001;11997;21897;63036;2286;993431;16;4;2;2017
2017-04-25;7.16338;7.018110000000001;13408;30625;77326;2288;1101807;17;4;2;2017
2017-05-02;7.52133;7.7809;14844;37200;85985;2275;1105078;18;5;2;2017
2017-05-09;7.38748;7.76939;15192;38606;87825;2299;1130397;19;5;2;2017
2017-05-16;6.44688;6.8117600000000005;13365;32124;76210;2227;1118800;20;5;2;2017
2017-05-23;4.95881;5.15749;10154;20450;53025;2272;1028116;21;5;2;2017
2017-05-30;3.68612;3.55945;7208;13392;36064;2208;1013191;22;5;2;2017
2017-06-06;3.18626;3.00518;6368;10850;29133;2214;969427;23;6;2;2017
2017-06-13;2.76894;2.73038;5588;9468;25938;2201;949978;24;6;2;2017
2017-06-20;2.48706;2.47768;5223;8640;23805;2180;960779;25;6;2;2017
2017-06-27;2.40802;2.36314;4721;7214;20693;2144;875658;26;6;2;2017
2017-07-04;2.07483;2.03139;4553;6218;19074;2127;938963;27;7;3;2017
2017-07-11;1.77898;1.80376;4145;5505;16664;2086;923848;28;7;3;2017
2017-07-18;1.61487;1.58696;3856;5269;14869;2112;936950;29;7;3;2017
2017-07-25;1.5385;1.53801;3723;5336;14552;2088;946160;30;7;3;2017
2017-08-01;1.52612;1.44974;3658;4815;13291;2018;916783;31;8;3;2017
2017-08-08;1.28847;1.27729;3444;4133;11619;1933;909661;32;8;3;2017
2017-08-15;1.18344;1.22051;3359;3764;11066;1977;906668;33;8;3;2017
2017-08-22;1.24919;1.23235;3385;3429;10646;1896;863879;34;8;3;2017
2017-08-29;1.14131;1.223;3220;2987;9608;1802;785606;35;8;3;2017
2017-09-05;0.9878;1.0473;2847;2552;8693;1798;830040;36;9;3;2017
2017-09-12;0.8955649999999999;0.978113;2375;2245;7573;1753;774246;37;9;3;2017
2017-09-19;0.8922040000000001;0.947548;2312;2162;7373;1773;778114;38;9;3;2017
2017-09-26;0.877184;0.867554;2206;1916;6947;1736;800757;39;9;3;2017
2017-10-03;0.780203;0.8232799999999999;2009;1862;6258;1780;760130;40;10;4;2017
2017-10-10;0.725075;0.771497;1943;1901;6501;1785;842647;41;10;4;2017
2017-10-17;0.68247;0.706819;1741;1720;5786;1748;818597;42;10;4;2017
2017-10-24;0.640393;0.6851550000000001;1665;1643;5497;1741;802300;43;10;4;2017
2017-10-31;0.639127;0.687351;1618;1769;5612;1724;816468;44;10;4;2017
2017-11-07;0.705637;0.735733;1726;1784;5861;1690;796621;45;11;4;2017
2017-11-14;0.707801;0.806048;1986;2170;6537;1725;810994;46;11;4;2017
2017-11-21;0.822659;0.944013;2239;2468;7323;1610;775731;47;11;4;2017
2017-11-28;0.859864;0.960101;2445;2830;8111;1681;844807;48;11;4;2017
2017-12-05;1.10083;1.14128;2814;3343;9530;1710;835027;49;12;4;2017
2017-12-12;1.15323;1.14784;2773;3660;10065;1708;876862;50;12;4;2017
2017-12-19;1.2017799999999998;1.31156;3242;3949;11189;1684;853109;51;12;4;2017
2017-12-26;1.2498;1.26102;3481;4198;11767;1710;933130;52;12;4;2017
2018-01-02;1.41876;1.41974;4887;6341;17975;2611;1266076;1;1;1;2018
2018-01-09;1.40077;1.473;5332;6279;18652;2651;1266257;2;1;1;2018
2018-01-16;1.47139;1.58968;5589;6802;19948;2623;1254844;3;1;1;2018
2018-01-23;1.63634;1.7220799999999998;6249;7487;21634;2678;1256271;4;1;1;2018
2018-01-30;1.79125;1.84114;6869;8291;23169;2666;1258405;5;1;1;2018
2018-02-06;1.86871;1.92692;7509;8451;24085;2672;1249921;6;2;1;2018
2018-02-13;1.98121;2.0852;7821;8076;24419;2665;1171062;7;2;1;2018
2018-02-20;2.23487;2.40063;8607;7197;24635;2618;1026187;8;2;1;2018
2018-02-27;2.1457200000000003;2.24479;8890;8788;29096;2666;1296156;9;2;1;2018
2018-03-06;2.2513400000000003;2.29962;8809;9276;28377;2658;1233986;10;3;1;2018
2018-03-13;2.6411;2.73181;10156;11376;33113;2650;1212127;11;3;1;2018
2018-03-20;3.13478;3.24012;11515;12816;38260;2596;1180820;12;3;1;2018
2018-03-27;3.96538;4.18077;13615;12044;44012;2581;1052725;13;3;1;2018
2018-04-03;3.45972;3.63095;11686;9572;42135;2630;1160440;14;4;2;2018
2018-04-10;3.07558;3.13643;9369;10758;38815;2656;1237552;15;4;2;2018
2018-04-17;3.3258;3.3621300000000005;9703;14265;41199;2658;1225384;16;4;2;2018
2018-04-24;3.797730000000001;3.88115;10765;16965;46241;2677;1191426;17;4;2;2018
2018-05-01;4.34227;4.52235;11628;22217;55264;2668;1222020;18;5;2;2018
2018-05-08;4.86953;5.20091;13899;29772;69732;2673;1340765;19;5;2;2018
2018-05-15;5.0368900000000005;5.42034;14246;29255;70056;2655;1292464;20;5;2;2018
2018-05-22;4.8812;5.27078;13634;26502;66461;2655;1260932;21;5;2;2018
2018-05-29;4.54791;4.58991;11647;23468;58802;2658;1281115;22;5;2;2018
2018-06-05;4.3762;4.39714;11168;21760;55431;2637;1260615;23;6;2;2018
2018-06-12;4.22692;4.12777;10986;20081;53177;2646;1288273;24;6;2;2018
2018-06-19;3.68251;3.5027800000000004;9721;16800;45668;2653;1303765;25;6;2;2018
2018-06-26;3.0855900000000003;3.04819;8644;13642;37948;2619;1244935;26;6;2;2018
2018-07-03;2.69831;2.67984;7606;11768;32941;2620;1229217;27;7;3;2018
2018-07-10;2.28676;2.26612;6754;10005;27854;2568;1229148;28;7;3;2018
2018-07-17;2.01217;1.96484;6325;7904;23147;2542;1178058;29;7;3;2018
2018-07-24;1.71323;1.7220099999999998;5698;6621;20610;2516;1196855;30;7;3;2018
2018-07-31;1.5667799999999998;1.5728;5369;6207;18864;2485;1199386;31;7;3;2018
2018-08-07;1.49827;1.45718;4789;5906;17107;2444;1173980;32;8;3;2018
2018-08-14;1.49961;1.50332;4649;5530;16459;2336;1094840;33;8;3;2018
2018-08-21;1.42123;1.40257;4601;5234;15763;2224;1123869;34;8;3;2018
2018-08-28;1.39258;1.4035799999999998;4442;4660;14776;2196;1052737;35;8;3;2018
2018-09-04;1.21697;1.23749;3937;4115;13451;2258;1086961;36;9;3;2018
2018-09-11;1.11266;1.12161;3506;3741;12106;2206;1079343;37;9;3;2018
2018-09-18;0.991888;1.01276;3056;3288;10695;2159;1056024;38;9;3;2018
2018-09-25;0.946401;0.959768;2955;3117;10027;2084;1044732;39;9;3;2018
2018-10-02;0.8746950000000001;0.8789170000000001;2512;2726;8722;2154;992358;40;10;4;2018
2018-10-09;0.8091689999999999;0.794181;2346;2661;8425;2111;1060841;41;10;4;2018
2018-10-16;0.75452;0.7663939999999999;2222;2571;8116;2154;1058986;42;10;4;2018
2018-10-23;0.7329829999999999;0.748613;2138;2466;7787;2140;1040191;43;10;4;2018
2018-10-30;0.725811;0.757116;2354;2438;7884;2151;1041320;44;10;4;2018
2018-11-06;0.754209;0.770094;2102;2392;8060;2167;1046625;45;11;4;2018
2018-11-13;0.729672;0.833506;2634;2831;8994;2200;1079056;46;11;4;2018
2018-11-20;0.839875;0.94034;2911;3503;10103;2170;1074399;47;11;4;2018
2018-11-27;0.989358;1.08197;3428;4244;11904;2193;1100212;48;11;4;2018
2018-12-04;1.1354;1.20216;3810;4548;13188;2217;1097022;49;12;4;2018
2018-12-11;1.23124;1.27291;3912;5502;14843;2247;1166071;50;12;4;2018
2018-12-18;1.24448;1.3881;4469;5678;16001;2224;1152730;51;12;4;2018
2018-12-25;1.3379;1.49515;4981;6121;17453;2211;1167311;52;12;4;2018
2019-01-01;1.49002;1.50284;6219;7658;21916;2912;1458307;1;1;1;2019
2019-01-08;1.59192;1.59764;6550;7638;22954;2942;1436748;2;1;1;2019
2019-01-15;1.72572;1.73931;7287;8292;24886;2966;1430800;3;1;1;2019
2019-01-22;1.83419;1.86039;7892;9349;27419;2997;1473831;4;1;1;2019
2019-01-29;2.04008;2.01412;8658;10068;28910;3005;1435369;5;1;1;2019
2019-02-05;2.39351;2.36364;10557;12551;34586;3022;1463253;6;2;1;2019
2019-02-12;2.63251;2.64428;11446;13671;37732;2991;1426928;7;2;1;2019
2019-02-19;2.89941;2.97387;12716;17058;44161;2987;1484969;8;2;1;2019
2019-02-26;3.41501;3.4538900000000003;14444;14821;44044;2993;1275199;9;2;1;2019
2019-03-05;3.2579;3.31281;13852;16397;48904;2995;1476208;10;3;1;2019
2019-03-12;3.94308;3.86928;14728;21877;56444;2958;1458774;11;3;1;2019
2019-03-19;5.06435;5.02613;18001;29182;71594;2926;1424436;12;3;1;2019
2019-03-26;7.061610000000001;7.15315;24097;34004;95757;2917;1338669;13;3;1;2019
2019-04-02;5.90066;6.21936;21594;23392;88731;2970;1426691;14;4;2;2019
2019-04-09;4.9402;5.06711;15564;22756;75614;3002;1492251;15;4;2;2019
2019-04-16;5.33135;5.35768;16587;29668;79783;2995;1489132;16;4;2;2019
2019-04-23;6.07822;6.02274;18574;35275;90150;2997;1496826;17;4;2;2019
2019-04-30;6.74724;6.8727100000000005;20299;44117;108307;2995;1575900;18;4;2;2019
2019-05-07;6.80157;7.08558;20270;45513;111361;3005;1571657;19;5;2;2019
2019-05-14;6.11292;6.220680000000001;17393;36909;95418;2969;1533883;20;5;2;2019
2019-05-21;5.52513;5.619680000000001;15330;28531;80559;2984;1433517;21;5;2;2019
2019-05-28;5.12333;5.10268;13820;25490;74823;2947;1466346;22;5;2;2019
2019-06-04;5.26652;5.289280000000001;13888;26396;78779;2913;1489410;23;6;2;2019
2019-06-11;5.66932;6.28745;14154;27756;89607;2847;1425172;24;6;2;2019
2019-06-18;6.3802900000000005;7.35285;10790;17512;78584;2810;1068755;25;6;2;2019
2019-06-25;4.916919999999999;6.22687;5129;8322;53142;2738;853431;26;6;2;2019
2019-07-02;3.78625;4.82995;2359;4852;36251;2696;750546;27;7;3;2019
2019-07-09;2.8012200000000003;3.47366;1496;3426;24974;2698;718953;28;7;3;2019
2019-07-16;2.12907;2.57391;1068;2667;18274;2679;709970;29;7;3;2019
2019-07-23;1.73315;2.02032;926;2317;15164;2663;750576;30;7;3;2019
2019-07-30;1.40939;1.6211;864;2098;12821;2635;790883;31;7;3;2019
2019-08-06;1.18657;1.35218;720;1883;11058;2624;817791;32;8;3;2019
2019-08-13;1.11444;1.23805;788;1960;10480;2613;846493;33;8;3;2019
2019-08-20;1.00711;1.07708;900;2221;11416;2963;1059901;34;8;3;2019
2019-08-27;0.8898780000000001;0.887647;805;1893;9605;2946;1082074;35;8;3;2019
2019-09-03;0.815858;0.8209780000000001;801;1967;9318;2925;1134988;36;9;3;2019
2019-09-10;0.837779;0.814955;878;2139;9572;2899;1174543;37;9;3;2019
2019-09-17;0.929189;0.951491;1005;2679;11866;2935;1247096;38;9;3;2019
2019-09-24;1.13871;1.20333;1212;3487;15490;2892;1287264;39;9;3;2019
2019-10-01;1.27591;1.38465;1394;3965;17826;2888;1287401;40;10;4;2019
2019-10-08;1.34978;1.47371;1544;4092;20043;2913;1360037;41;10;4;2019
2019-10-15;1.34436;1.43806;1657;4070;19250;2887;1338613;42;10;4;2019
2019-10-22;1.22126;1.21924;1634;3554;16523;2948;1355190;43;10;4;2019
2019-10-29;1.15381;1.1519;1608;3493;15514;2986;1346820;44;10;4;2019
2019-11-05;1.0649;1.05776;1570;3268;14103;2945;1333292;45;11;4;2019
2019-11-12;0.979173;0.980887;1587;3141;13131;2965;1338686;46;11;4;2019
2019-11-19;0.967664;0.959772;1804;3263;12900;2923;1344069;47;11;4;2019
2019-11-26;1.00158;0.972423;1864;3942;13138;2957;1351058;48;11;4;2019
2019-12-03;0.917339;0.915323;1766;3574;12232;2907;1336359;49;12;4;2019
2019-12-10;1.02954;0.97981;1995;3806;13001;2894;1326890;50;12;4;2019
2019-12-17;0.975797;0.956785;2068;3609;13005;2921;1359239;51;12;4;2019
2019-12-24;1.0586;1.0348;2273;4311;14457;2919;1397083;52;12;4;2019
2019-12-31;1.08369;1.0713;2460;4710;16493;3318;1539527;1;12;4;2019
2020-01-07;1.2079799999999998;1.18587;2553;5248;19156;3351;1615360;2;1;1;2020
2020-01-14;1.10574;1.08922;2305;4611;17233;3335;1582135;3;1;1;2020
2020-01-21;1.1882700000000002;1.14924;2445;4855;18150;3356;1579306;4;1;1;2020
2020-01-28;1.25309;1.18999;2517;4929;18607;3451;1563623;5;1;1;2020
2020-02-04;1.44223;1.33645;2727;5851;21401;3453;1601333;6;2;1;2020
2020-02-11;1.48489;1.37774;2775;5546;22603;3423;1640587;7;2;1;2020
2020-02-18;1.55053;1.42728;2689;5346;22695;3362;1590088;8;2;1;2020
2020-02-25;1.60937;1.4964;2483;4579;21297;3366;1423220;9;2;1;2020
2020-03-03;1.56746;1.44898;2603;4868;22270;3368;1536943;10;3;1;2020
2020-03-10;1.52214;1.43002;2566;4721;22203;3386;1552636;11;3;1;2020
2020-03-17;1.50787;1.39865;2482;4278;20865;3325;1491798;12;3;1;2020
2020-03-24;1.55631;1.45757;2323;3563;19840;3329;1361170;13;3;1;2020
2020-03-31;1.5924;1.53951;2585;3934;22433;3307;1457151;14;3;1;2020
2020-04-07;1.4767;1.43551;2413;4546;22702;3336;1581455;15;4;2;2020
2020-04-14;1.29451;1.26458;2380;4055;19186;3313;1517183;16;4;2;2020
2020-04-21;1.2526;1.21119;2566;4049;18337;3338;1513962;17;4;2;2020
2020-04-28;1.10043;1.1221;2558;3937;16877;3344;1504061;18;4;2;2020
2020-05-05;1.17828;1.08335;2632;3997;16033;3310;1479946;19;5;2;2020
2020-05-12;1.02473;0.977093;2554;3726;14054;3260;1438348;20;5;2;2020
2020-05-19;0.990461;0.909742;2317;3143;12567;3261;1381381;21;5;2;2020
2020-05-26;0.862614;0.8613219999999999;2534;3525;13244;3271;1537636;22;5;2;2020
2020-06-02;0.839059;0.846722;2756;3528;12913;3258;1525058;23;6;2;2020
2020-06-09;0.895958;0.908885;3203;3778;13979;3254;1538038;24;6;2;2020
2020-06-16;0.910926;0.941625;3478;3796;14389;3177;1528103;25;6;2;2020
2020-06-23;0.946945;0.972185;3734;3818;14999;3066;1542813;26;6;2;2020
2020-06-30;0.963716;1.01376;3955;3843;15307;3027;1509928;27;6;2;2020
